Date,"Close Price"
"2015-02-08 00:00:00",227.33
"2015-02-08 00:01:00",227.27
"2015-02-08 00:02:00",227.24
"2015-02-08 00:03:00",227.26
"2015-02-08 00:04:00",227.3
"2015-02-08 00:05:00",227.32
"2015-02-08 00:06:00",227.42
"2015-02-08 00:07:00",227.45
"2015-02-08 00:08:00",227.5
"2015-02-08 00:09:00",227.56
"2015-02-08 00:10:00",227.56
"2015-02-08 00:11:00",227.54
"2015-02-08 00:12:00",227.43
"2015-02-08 00:13:00",227.44
"2015-02-08 00:14:00",227.44
"2015-02-08 00:15:00",227.45
"2015-02-08 00:16:00",227.51
"2015-02-08 00:17:00",227.47
"2015-02-08 00:18:00",227.56
"2015-02-08 00:19:00",227.49
"2015-02-08 00:20:00",227.53
"2015-02-08 00:21:00",227.53
"2015-02-08 00:22:00",227.57
"2015-02-08 00:23:00",227.6
"2015-02-08 00:24:00",227.49
"2015-02-08 00:25:00",227.31
"2015-02-08 00:26:00",227.24
"2015-02-08 00:27:00",227.03
"2015-02-08 00:28:00",227
"2015-02-08 00:29:00",226.99
"2015-02-08 00:30:00",226.99
"2015-02-08 00:31:00",226.84
"2015-02-08 00:32:00",226.72
"2015-02-08 00:33:00",226.71
"2015-02-08 00:34:00",226.74
"2015-02-08 00:35:00",226.74
"2015-02-08 00:36:00",226.74
"2015-02-08 00:37:00",226.85
"2015-02-08 00:38:00",226.84
"2015-02-08 00:39:00",226.91
"2015-02-08 00:40:00",226.97
"2015-02-08 00:41:00",226.8
"2015-02-08 00:42:00",226.86
"2015-02-08 00:43:00",226.96
"2015-02-08 00:44:00",226.8
"2015-02-08 00:45:00",226.8
"2015-02-08 00:46:00",226.64
"2015-02-08 00:47:00",226.63
"2015-02-08 00:48:00",226.76
"2015-02-08 00:49:00",226.7
"2015-02-08 00:50:00",226.65
"2015-02-08 00:51:00",226.69
"2015-02-08 00:52:00",226.72
"2015-02-08 00:53:00",226.71
"2015-02-08 00:54:00",226.72
"2015-02-08 00:55:00",226.92
"2015-02-08 00:56:00",226.72
"2015-02-08 00:57:00",226.74
"2015-02-08 00:58:00",226.63
"2015-02-08 00:59:00",226.79
"2015-02-08 01:00:00",226.54
"2015-02-08 01:01:00",226.57
"2015-02-08 01:02:00",226.66
"2015-02-08 01:03:00",226.64
"2015-02-08 01:04:00",226.68
"2015-02-08 01:05:00",226.59
"2015-02-08 01:06:00",226.6
"2015-02-08 01:07:00",226.57
"2015-02-08 01:08:00",226.53
"2015-02-08 01:09:00",226.55
"2015-02-08 01:10:00",226.54
"2015-02-08 01:11:00",226.65
"2015-02-08 01:12:00",226.79
"2015-02-08 01:13:00",226.73
"2015-02-08 01:14:00",226.76
"2015-02-08 01:15:00",226.79
"2015-02-08 01:16:00",226.76
"2015-02-08 01:17:00",226.83
"2015-02-08 01:18:00",226.69
"2015-02-08 01:19:00",226.74
"2015-02-08 01:20:00",226.69
"2015-02-08 01:21:00",226.7
"2015-02-08 01:22:00",226.7
"2015-02-08 01:23:00",226.71
"2015-02-08 01:24:00",226.7
"2015-02-08 01:25:00",226.64
"2015-02-08 01:26:00",226.72
"2015-02-08 01:27:00",226.7
"2015-02-08 01:28:00",226.69
"2015-02-08 01:29:00",226.77
"2015-02-08 01:30:00",226.64
"2015-02-08 01:31:00",226.64
"2015-02-08 01:32:00",226.62
"2015-02-08 01:33:00",226.66
"2015-02-08 01:34:00",226.74
"2015-02-08 01:35:00",226.66
"2015-02-08 01:36:00",226.61
"2015-02-08 01:37:00",226.65
"2015-02-08 01:38:00",226.62
"2015-02-08 01:39:00",226.7
"2015-02-08 01:40:00",226.81
"2015-02-08 01:41:00",226.8
"2015-02-08 01:42:00",226.65
"2015-02-08 01:43:00",226.67
"2015-02-08 01:44:00",226.69
"2015-02-08 01:45:00",226.78
"2015-02-08 01:46:00",226.69
"2015-02-08 01:47:00",226.65
"2015-02-08 01:48:00",226.66
"2015-02-08 01:49:00",226.59
"2015-02-08 01:50:00",226.43
"2015-02-08 01:51:00",226.27
"2015-02-08 01:52:00",226.13
"2015-02-08 01:53:00",226.13
"2015-02-08 01:54:00",226.19
"2015-02-08 01:55:00",226.22
"2015-02-08 01:56:00",226.16
"2015-02-08 01:57:00",226.11
"2015-02-08 01:58:00",225.9
"2015-02-08 01:59:00",225.58
"2015-02-08 02:00:00",225.4
"2015-02-08 02:01:00",225.49
"2015-02-08 02:02:00",225.48
"2015-02-08 02:03:00",225.63
"2015-02-08 02:04:00",225.63
"2015-02-08 02:05:00",225.64
"2015-02-08 02:06:00",225.69
"2015-02-08 02:07:00",225.74
"2015-02-08 02:08:00",225.85
"2015-02-08 02:09:00",225.68
"2015-02-08 02:10:00",225.69
"2015-02-08 02:11:00",225.68
"2015-02-08 02:12:00",225.73
"2015-02-08 02:13:00",225.79
"2015-02-08 02:14:00",225.99
"2015-02-08 02:15:00",225.92
"2015-02-08 02:16:00",226.01
"2015-02-08 02:17:00",225.97
"2015-02-08 02:18:00",226.01
"2015-02-08 02:19:00",226.16
"2015-02-08 02:20:00",226.14
"2015-02-08 02:21:00",226.21
"2015-02-08 02:22:00",226.2
"2015-02-08 02:23:00",226.19
"2015-02-08 02:24:00",226.2
"2015-02-08 02:25:00",226.19
"2015-02-08 02:26:00",226.2
"2015-02-08 02:27:00",226.15
"2015-02-08 02:28:00",226.06
"2015-02-08 02:29:00",226.1
"2015-02-08 02:30:00",226.11
"2015-02-08 02:31:00",226.14
"2015-02-08 02:32:00",226.13
"2015-02-08 02:33:00",226.2
"2015-02-08 02:34:00",226.21
"2015-02-08 02:35:00",226.3
"2015-02-08 02:36:00",226.33
"2015-02-08 02:37:00",226.33
"2015-02-08 02:38:00",226.36
"2015-02-08 02:39:00",226.31
"2015-02-08 02:40:00",226.35
"2015-02-08 02:41:00",226.39
"2015-02-08 02:42:00",226.44
"2015-02-08 02:43:00",226.45
"2015-02-08 02:44:00",226.46
"2015-02-08 02:45:00",226.43
"2015-02-08 02:46:00",226.4
"2015-02-08 02:47:00",226.42
"2015-02-08 02:48:00",226.44
"2015-02-08 02:49:00",226.48
"2015-02-08 02:50:00",226.44
"2015-02-08 02:51:00",226.41
"2015-02-08 02:52:00",226.47
"2015-02-08 02:53:00",226.41
"2015-02-08 02:54:00",226.43
"2015-02-08 02:55:00",226.39
"2015-02-08 02:56:00",226.48
"2015-02-08 02:57:00",226.48
"2015-02-08 02:58:00",226.54
"2015-02-08 02:59:00",226.56
"2015-02-08 03:00:00",226.57
"2015-02-08 03:01:00",226.62
"2015-02-08 03:02:00",226.6
"2015-02-08 03:03:00",226.59
"2015-02-08 03:04:00",226.54
"2015-02-08 03:05:00",226.51
"2015-02-08 03:06:00",226.59
"2015-02-08 03:07:00",226.58
"2015-02-08 03:08:00",226.47
"2015-02-08 03:09:00",226.5
"2015-02-08 03:10:00",226.49
"2015-02-08 03:11:00",226.44
"2015-02-08 03:12:00",226.4
"2015-02-08 03:13:00",226.44
"2015-02-08 03:14:00",226.44
"2015-02-08 03:15:00",226.44
"2015-02-08 03:16:00",226.44
"2015-02-08 03:17:00",226.43
"2015-02-08 03:18:00",226.4
"2015-02-08 03:19:00",226.41
"2015-02-08 03:20:00",226.37
"2015-02-08 03:21:00",226.29
"2015-02-08 03:22:00",226.19
"2015-02-08 03:23:00",226.11
"2015-02-08 03:24:00",226.11
"2015-02-08 03:25:00",226.1
"2015-02-08 03:26:00",226.06
"2015-02-08 03:27:00",226.21
"2015-02-08 03:28:00",226.12
"2015-02-08 03:29:00",226.18
"2015-02-08 03:30:00",226.19
"2015-02-08 03:31:00",226.17
"2015-02-08 03:32:00",226.15
"2015-02-08 03:33:00",226.16
"2015-02-08 03:34:00",226.15
"2015-02-08 03:35:00",226.13
"2015-02-08 03:36:00",226.17
"2015-02-08 03:37:00",226.16
"2015-02-08 03:38:00",226.1
"2015-02-08 03:39:00",226.02
"2015-02-08 03:40:00",226.07
"2015-02-08 03:41:00",226.07
"2015-02-08 03:42:00",226.07
"2015-02-08 03:43:00",226.03
"2015-02-08 03:44:00",225.97
"2015-02-08 03:45:00",226.01
"2015-02-08 03:46:00",226.06
"2015-02-08 03:47:00",226.06
"2015-02-08 03:48:00",226.08
"2015-02-08 03:49:00",226.08
"2015-02-08 03:50:00",226.12
"2015-02-08 03:51:00",226.1
"2015-02-08 03:52:00",226.04
"2015-02-08 03:53:00",225.98
"2015-02-08 03:54:00",225.96
"2015-02-08 03:55:00",225.91
"2015-02-08 03:56:00",225.9
"2015-02-08 03:57:00",225.81
"2015-02-08 03:58:00",225.79
"2015-02-08 03:59:00",225.87
"2015-02-08 04:00:00",225.73
"2015-02-08 04:01:00",225.68
"2015-02-08 04:02:00",225.66
"2015-02-08 04:03:00",225.63
"2015-02-08 04:04:00",225.66
"2015-02-08 04:05:00",225.66
"2015-02-08 04:06:00",225.69
"2015-02-08 04:07:00",225.67
"2015-02-08 04:08:00",225.71
"2015-02-08 04:09:00",225.87
"2015-02-08 04:10:00",225.67
"2015-02-08 04:11:00",225.69
"2015-02-08 04:12:00",225.65
"2015-02-08 04:13:00",225.64
"2015-02-08 04:14:00",225.62
"2015-02-08 04:15:00",225.63
"2015-02-08 04:16:00",225.62
"2015-02-08 04:17:00",225.6
"2015-02-08 04:18:00",225.61
"2015-02-08 04:19:00",225.6
"2015-02-08 04:20:00",225.55
"2015-02-08 04:21:00",225.4
"2015-02-08 04:22:00",225.35
"2015-02-08 04:23:00",225.34
"2015-02-08 04:24:00",225.3
"2015-02-08 04:25:00",225.3
"2015-02-08 04:26:00",224.93
"2015-02-08 04:27:00",224.84
"2015-02-08 04:28:00",224.74
"2015-02-08 04:29:00",224.74
"2015-02-08 04:30:00",224.75
"2015-02-08 04:31:00",225.04
"2015-02-08 04:32:00",224.91
"2015-02-08 04:33:00",224.95
"2015-02-08 04:34:00",224.98
"2015-02-08 04:35:00",224.96
"2015-02-08 04:36:00",224.94
"2015-02-08 04:37:00",224.89
"2015-02-08 04:38:00",224.87
"2015-02-08 04:39:00",224.9
"2015-02-08 04:40:00",225
"2015-02-08 04:41:00",225.27
"2015-02-08 04:42:00",225.24
"2015-02-08 04:43:00",225.2
"2015-02-08 04:44:00",225.2
"2015-02-08 04:45:00",225.2
"2015-02-08 04:46:00",225.23
"2015-02-08 04:47:00",225.27
"2015-02-08 04:48:00",225.29
"2015-02-08 04:49:00",225.31
"2015-02-08 04:50:00",225.51
"2015-02-08 04:51:00",225.31
"2015-02-08 04:52:00",225.38
"2015-02-08 04:53:00",225.3
"2015-02-08 04:54:00",225.28
"2015-02-08 04:55:00",225.22
"2015-02-08 04:56:00",225.15
"2015-02-08 04:57:00",225.15
"2015-02-08 04:58:00",225.17
"2015-02-08 04:59:00",225.16
"2015-02-08 05:00:00",225.14
"2015-02-08 05:01:00",225.04
"2015-02-08 05:02:00",225.03
"2015-02-08 05:03:00",225
"2015-02-08 05:04:00",225.01
"2015-02-08 05:05:00",224.96
"2015-02-08 05:06:00",224.96
"2015-02-08 05:07:00",225
"2015-02-08 05:08:00",225.04
"2015-02-08 05:09:00",224.98
"2015-02-08 05:10:00",224.87
"2015-02-08 05:11:00",224.78
"2015-02-08 05:12:00",224.79
"2015-02-08 05:13:00",224.78
"2015-02-08 05:14:00",224.7
"2015-02-08 05:15:00",224.69
"2015-02-08 05:16:00",224.7
"2015-02-08 05:17:00",224.61
"2015-02-08 05:18:00",224.57
"2015-02-08 05:19:00",224.5
"2015-02-08 05:20:00",224.37
"2015-02-08 05:21:00",224.3
"2015-02-08 05:22:00",224.09
"2015-02-08 05:23:00",224.21
"2015-02-08 05:24:00",224.09
"2015-02-08 05:25:00",224.25
"2015-02-08 05:26:00",224.18
"2015-02-08 05:27:00",224.07
"2015-02-08 05:28:00",224.18
"2015-02-08 05:29:00",224.17
"2015-02-08 05:30:00",224.21
"2015-02-08 05:31:00",224.24
"2015-02-08 05:32:00",224.29
"2015-02-08 05:33:00",224.4
"2015-02-08 05:34:00",224.26
"2015-02-08 05:35:00",224.27
"2015-02-08 05:36:00",224.38
"2015-02-08 05:37:00",224.4
"2015-02-08 05:38:00",224.4
"2015-02-08 05:39:00",224.43
"2015-02-08 05:40:00",224.45
"2015-02-08 05:41:00",224.41
"2015-02-08 05:42:00",224.43
"2015-02-08 05:43:00",224.6
"2015-02-08 05:44:00",224.55
"2015-02-08 05:45:00",224.6
"2015-02-08 05:46:00",224.59
"2015-02-08 05:47:00",224.5
"2015-02-08 05:48:00",224.61
"2015-02-08 05:49:00",224.51
"2015-02-08 05:50:00",224.58
"2015-02-08 05:51:00",224.45
"2015-02-08 05:52:00",224.6
"2015-02-08 05:53:00",224.51
"2015-02-08 05:54:00",224.46
"2015-02-08 05:55:00",224.44
"2015-02-08 05:56:00",224.43
"2015-02-08 05:57:00",224.44
"2015-02-08 05:58:00",224.37
"2015-02-08 05:59:00",224.31
"2015-02-08 06:00:00",224.34
"2015-02-08 06:01:00",224.39
"2015-02-08 06:02:00",224.45
"2015-02-08 06:03:00",224.38
"2015-02-08 06:04:00",224.36
"2015-02-08 06:05:00",224.31
"2015-02-08 06:06:00",224.36
"2015-02-08 06:07:00",224.31
"2015-02-08 06:08:00",224.33
"2015-02-08 06:09:00",224.33
"2015-02-08 06:10:00",224.28
"2015-02-08 06:11:00",224.26
"2015-02-08 06:12:00",224.36
"2015-02-08 06:13:00",224.35
"2015-02-08 06:14:00",224.35
"2015-02-08 06:15:00",224.38
"2015-02-08 06:16:00",224.45
"2015-02-08 06:17:00",224.54
"2015-02-08 06:18:00",224.41
"2015-02-08 06:19:00",224.42
"2015-02-08 06:20:00",224.4
"2015-02-08 06:21:00",224.4
"2015-02-08 06:22:00",224.4
"2015-02-08 06:23:00",224.41
"2015-02-08 06:24:00",224.39
"2015-02-08 06:25:00",224.42
"2015-02-08 06:26:00",224.53
"2015-02-08 06:27:00",224.55
"2015-02-08 06:28:00",224.64
"2015-02-08 06:29:00",224.54
"2015-02-08 06:30:00",224.57
"2015-02-08 06:31:00",224.62
"2015-02-08 06:32:00",224.59
"2015-02-08 06:33:00",224.75
"2015-02-08 06:34:00",224.68
"2015-02-08 06:35:00",224.67
"2015-02-08 06:36:00",224.68
"2015-02-08 06:37:00",224.67
"2015-02-08 06:38:00",224.52
"2015-02-08 06:39:00",224.54
"2015-02-08 06:40:00",224.35
"2015-02-08 06:41:00",224.37
"2015-02-08 06:42:00",224.42
"2015-02-08 06:43:00",224.3
"2015-02-08 06:44:00",224.31
"2015-02-08 06:45:00",224.29
"2015-02-08 06:46:00",224.26
"2015-02-08 06:47:00",224.25
"2015-02-08 06:48:00",224.11
"2015-02-08 06:49:00",224.19
"2015-02-08 06:50:00",224.32
"2015-02-08 06:51:00",224.19
"2015-02-08 06:52:00",224.08
"2015-02-08 06:53:00",224.07
"2015-02-08 06:54:00",224.09
"2015-02-08 06:55:00",224.12
"2015-02-08 06:56:00",224.13
"2015-02-08 06:57:00",224.09
"2015-02-08 06:58:00",224.07
"2015-02-08 06:59:00",224.14
"2015-02-08 07:00:00",224.2
"2015-02-08 07:01:00",224.14
"2015-02-08 07:02:00",224.18
"2015-02-08 07:03:00",224.28
"2015-02-08 07:04:00",224.22
"2015-02-08 07:05:00",224.3
"2015-02-08 07:06:00",224.32
"2015-02-08 07:07:00",224.3
"2015-02-08 07:08:00",224.25
"2015-02-08 07:09:00",224.32
"2015-02-08 07:10:00",224.32
"2015-02-08 07:11:00",224.33
"2015-02-08 07:12:00",224.27
"2015-02-08 07:13:00",224.29
"2015-02-08 07:14:00",224.29
"2015-02-08 07:15:00",224.32
"2015-02-08 07:16:00",224.27
"2015-02-08 07:17:00",224.45
"2015-02-08 07:18:00",224.4
"2015-02-08 07:19:00",224.44
"2015-02-08 07:20:00",224.44
"2015-02-08 07:21:00",224.5
"2015-02-08 07:22:00",224.43
"2015-02-08 07:23:00",224.39
"2015-02-08 07:24:00",224.43
"2015-02-08 07:25:00",224.35
"2015-02-08 07:26:00",224.28
"2015-02-08 07:27:00",224.28
"2015-02-08 07:28:00",224.23
"2015-02-08 07:29:00",224.21
"2015-02-08 07:30:00",224.23
"2015-02-08 07:31:00",224.38
"2015-02-08 07:32:00",224.22
"2015-02-08 07:33:00",224.19
"2015-02-08 07:34:00",224.23
"2015-02-08 07:35:00",224.21
"2015-02-08 07:36:00",224.15
"2015-02-08 07:37:00",224.25
"2015-02-08 07:38:00",224.15
"2015-02-08 07:39:00",224.18
"2015-02-08 07:40:00",224.17
"2015-02-08 07:41:00",224.18
"2015-02-08 07:42:00",224.19
"2015-02-08 07:43:00",224.19
"2015-02-08 07:44:00",224.18
"2015-02-08 07:45:00",224.21
"2015-02-08 07:46:00",224.14
"2015-02-08 07:47:00",224.17
"2015-02-08 07:48:00",223.97
"2015-02-08 07:49:00",224.02
"2015-02-08 07:50:00",224.02
"2015-02-08 07:51:00",223.98
"2015-02-08 07:52:00",223.87
"2015-02-08 07:53:00",223.57
"2015-02-08 07:54:00",223.78
"2015-02-08 07:55:00",223.87
"2015-02-08 07:56:00",224
"2015-02-08 07:57:00",224.04
"2015-02-08 07:58:00",224.14
"2015-02-08 07:59:00",224.24
"2015-02-08 08:00:00",224.38
"2015-02-08 08:01:00",224.33
"2015-02-08 08:02:00",224.42
"2015-02-08 08:03:00",224.6
"2015-02-08 08:04:00",224.65
"2015-02-08 08:05:00",224.84
"2015-02-08 08:06:00",224.75
"2015-02-08 08:07:00",224.81
"2015-02-08 08:08:00",224.95
"2015-02-08 08:09:00",224.8
"2015-02-08 08:10:00",224.85
"2015-02-08 08:11:00",224.81
"2015-02-08 08:12:00",224.77
"2015-02-08 08:13:00",224.83
"2015-02-08 08:14:00",224.8
"2015-02-08 08:15:00",224.84
"2015-02-08 08:16:00",224.89
"2015-02-08 08:17:00",224.82
"2015-02-08 08:18:00",224.86
"2015-02-08 08:19:00",224.87
"2015-02-08 08:20:00",224.97
"2015-02-08 08:21:00",224.83
"2015-02-08 08:22:00",224.77
"2015-02-08 08:23:00",224.77
"2015-02-08 08:24:00",224.82
"2015-02-08 08:25:00",224.87
"2015-02-08 08:26:00",225.04
"2015-02-08 08:27:00",224.97
"2015-02-08 08:28:00",224.98
"2015-02-08 08:29:00",224.98
"2015-02-08 08:30:00",224.97
"2015-02-08 08:31:00",225.02
"2015-02-08 08:32:00",224.99
"2015-02-08 08:33:00",224.97
"2015-02-08 08:34:00",225.02
"2015-02-08 08:35:00",225.11
"2015-02-08 08:36:00",225.11
"2015-02-08 08:37:00",225.09
"2015-02-08 08:38:00",225.07
"2015-02-08 08:39:00",225.14
"2015-02-08 08:40:00",225.24
"2015-02-08 08:41:00",225.24
"2015-02-08 08:42:00",225.5
"2015-02-08 08:43:00",225.81
"2015-02-08 08:44:00",225.88
"2015-02-08 08:45:00",225.86
"2015-02-08 08:46:00",225.8
"2015-02-08 08:47:00",225.89
"2015-02-08 08:48:00",225.83
"2015-02-08 08:49:00",225.88
"2015-02-08 08:50:00",225.97
"2015-02-08 08:51:00",225.83
"2015-02-08 08:52:00",225.73
"2015-02-08 08:53:00",225.66
"2015-02-08 08:54:00",226.37
"2015-02-08 08:55:00",227.46
"2015-02-08 08:56:00",227.34
"2015-02-08 08:57:00",227.65
"2015-02-08 08:58:00",227.83
"2015-02-08 08:59:00",228.08
"2015-02-08 09:00:00",228.17
"2015-02-08 09:01:00",228.04
"2015-02-08 09:02:00",228.04
"2015-02-08 09:03:00",227.74
"2015-02-08 09:04:00",227.69
"2015-02-08 09:05:00",227.46
"2015-02-08 09:06:00",227.35
"2015-02-08 09:07:00",227.3
"2015-02-08 09:08:00",227.1
"2015-02-08 09:09:00",226.99
"2015-02-08 09:10:00",227.02
"2015-02-08 09:11:00",226.94
"2015-02-08 09:12:00",227.02
"2015-02-08 09:13:00",227.19
"2015-02-08 09:14:00",227
"2015-02-08 09:15:00",226.97
"2015-02-08 09:16:00",226.98
"2015-02-08 09:17:00",226.99
"2015-02-08 09:18:00",227.29
"2015-02-08 09:19:00",227.28
"2015-02-08 09:20:00",227.34
"2015-02-08 09:21:00",227.23
"2015-02-08 09:22:00",227.23
"2015-02-08 09:23:00",227.24
"2015-02-08 09:24:00",227.19
"2015-02-08 09:25:00",227.17
"2015-02-08 09:26:00",227.15
"2015-02-08 09:27:00",227.14
"2015-02-08 09:28:00",227.17
"2015-02-08 09:29:00",227.24
"2015-02-08 09:30:00",227.39
"2015-02-08 09:31:00",227.46
"2015-02-08 09:32:00",227.38
"2015-02-08 09:33:00",227.39
"2015-02-08 09:34:00",227.34
"2015-02-08 09:35:00",227.34
"2015-02-08 09:36:00",227.36
"2015-02-08 09:37:00",227.39
"2015-02-08 09:38:00",227.46
"2015-02-08 09:39:00",227.42
"2015-02-08 09:40:00",227.31
"2015-02-08 09:41:00",227.14
"2015-02-08 09:42:00",226.85
"2015-02-08 09:43:00",226.97
"2015-02-08 09:44:00",226.89
"2015-02-08 09:45:00",226.81
"2015-02-08 09:46:00",226.74
"2015-02-08 09:47:00",226.77
"2015-02-08 09:48:00",226.73
"2015-02-08 09:49:00",226.86
"2015-02-08 09:50:00",226.82
"2015-02-08 09:51:00",226.84
"2015-02-08 09:52:00",226.73
"2015-02-08 09:53:00",226.67
"2015-02-08 09:54:00",226.7
"2015-02-08 09:55:00",226.71
"2015-02-08 09:56:00",226.68
"2015-02-08 09:57:00",226.79
"2015-02-08 09:58:00",226.73
"2015-02-08 09:59:00",226.66
"2015-02-08 10:00:00",226.7
"2015-02-08 10:01:00",226.68
"2015-02-08 10:02:00",226.69
"2015-02-08 10:03:00",226.87
"2015-02-08 10:04:00",226.95
"2015-02-08 10:05:00",226.97
"2015-02-08 10:06:00",227.07
"2015-02-08 10:07:00",227.07
"2015-02-08 10:08:00",227
"2015-02-08 10:09:00",227.07
"2015-02-08 10:10:00",226.99
"2015-02-08 10:11:00",227.02
"2015-02-08 10:12:00",226.89
"2015-02-08 10:13:00",227.02
"2015-02-08 10:14:00",227.03
"2015-02-08 10:15:00",227.06
"2015-02-08 10:16:00",227.08
"2015-02-08 10:17:00",226.91
"2015-02-08 10:18:00",226.88
"2015-02-08 10:19:00",226.87
"2015-02-08 10:20:00",227.03
"2015-02-08 10:21:00",227.02
"2015-02-08 10:22:00",226.89
"2015-02-08 10:23:00",226.86
"2015-02-08 10:24:00",226.78
"2015-02-08 10:25:00",226.88
"2015-02-08 10:26:00",226.98
"2015-02-08 10:27:00",226.95
"2015-02-08 10:28:00",226.79
"2015-02-08 10:29:00",227.12
"2015-02-08 10:30:00",227.07
"2015-02-08 10:31:00",227
"2015-02-08 10:32:00",226.93
"2015-02-08 10:33:00",227.1
"2015-02-08 10:34:00",227.02
"2015-02-08 10:35:00",227.03
"2015-02-08 10:36:00",226.99
"2015-02-08 10:37:00",226.98
"2015-02-08 10:38:00",227.07
"2015-02-08 10:39:00",226.92
"2015-02-08 10:40:00",227.02
"2015-02-08 10:41:00",226.94
"2015-02-08 10:42:00",226.92
"2015-02-08 10:43:00",226.91
"2015-02-08 10:44:00",227.07
"2015-02-08 10:45:00",227.11
"2015-02-08 10:46:00",227.24
"2015-02-08 10:47:00",227.34
"2015-02-08 10:48:00",227.19
"2015-02-08 10:49:00",227.19
"2015-02-08 10:50:00",227.24
"2015-02-08 10:51:00",227.33
"2015-02-08 10:52:00",227.22
"2015-02-08 10:53:00",227.23
"2015-02-08 10:54:00",227.23
"2015-02-08 10:55:00",227.19
"2015-02-08 10:56:00",227.17
"2015-02-08 10:57:00",227.21
"2015-02-08 10:58:00",227.23
"2015-02-08 10:59:00",227.17
"2015-02-08 11:00:00",227.21
"2015-02-08 11:01:00",227.23
"2015-02-08 11:02:00",227.22
"2015-02-08 11:03:00",227.32
"2015-02-08 11:04:00",227.29
"2015-02-08 11:05:00",227.31
"2015-02-08 11:06:00",227.39
"2015-02-08 11:07:00",227.52
"2015-02-08 11:08:00",228.11
"2015-02-08 11:09:00",228.21
"2015-02-08 11:10:00",228.28
"2015-02-08 11:11:00",228.09
"2015-02-08 11:12:00",228.55
"2015-02-08 11:13:00",228.51
"2015-02-08 11:14:00",228.57
"2015-02-08 11:15:00",228.44
"2015-02-08 11:16:00",228.5
"2015-02-08 11:17:00",228.51
"2015-02-08 11:18:00",228.57
"2015-02-08 11:19:00",228.54
"2015-02-08 11:20:00",228.58
"2015-02-08 11:21:00",228.7
"2015-02-08 11:22:00",229.19
"2015-02-08 11:23:00",229.23
"2015-02-08 11:24:00",229.19
"2015-02-08 11:25:00",229.33
"2015-02-08 11:26:00",229.01
"2015-02-08 11:27:00",228.39
"2015-02-08 11:28:00",227.92
"2015-02-08 11:29:00",227.72
"2015-02-08 11:30:00",227.48
"2015-02-08 11:31:00",227.44
"2015-02-08 11:32:00",227.46
"2015-02-08 11:33:00",227.6
"2015-02-08 11:34:00",227.66
"2015-02-08 11:35:00",227.63
"2015-02-08 11:36:00",227.56
"2015-02-08 11:37:00",227.56
"2015-02-08 11:38:00",227.55
"2015-02-08 11:39:00",227.47
"2015-02-08 11:40:00",227.53
"2015-02-08 11:41:00",227.61
"2015-02-08 11:42:00",227.56
"2015-02-08 11:43:00",227.54
"2015-02-08 11:44:00",227.49
"2015-02-08 11:45:00",227.48
"2015-02-08 11:46:00",227.37
"2015-02-08 11:47:00",227.32
"2015-02-08 11:48:00",227.3
"2015-02-08 11:49:00",227.18
"2015-02-08 11:50:00",227.18
"2015-02-08 11:51:00",227.18
"2015-02-08 11:52:00",227.29
"2015-02-08 11:53:00",227.39
"2015-02-08 11:54:00",227.44
"2015-02-08 11:55:00",227.51
"2015-02-08 11:56:00",227.67
"2015-02-08 11:57:00",227.71
"2015-02-08 11:58:00",227.72
"2015-02-08 11:59:00",227.69
"2015-02-08 12:00:00",227.7
"2015-02-08 12:01:00",227.68
"2015-02-08 12:02:00",227.52
"2015-02-08 12:03:00",227.27
"2015-02-08 12:04:00",227.27
"2015-02-08 12:05:00",227.19
"2015-02-08 12:06:00",227.3
"2015-02-08 12:07:00",227.38
"2015-02-08 12:08:00",227.45
"2015-02-08 12:09:00",227.49
"2015-02-08 12:10:00",227.59
"2015-02-08 12:11:00",227.5
"2015-02-08 12:12:00",227.51
"2015-02-08 12:13:00",227.37
"2015-02-08 12:14:00",227.3
"2015-02-08 12:15:00",227.21
"2015-02-08 12:16:00",227.26
"2015-02-08 12:17:00",227.23
"2015-02-08 12:18:00",227.23
"2015-02-08 12:19:00",227.34
"2015-02-08 12:20:00",227.25
"2015-02-08 12:21:00",227.27
"2015-02-08 12:22:00",227.28
"2015-02-08 12:23:00",227.36
"2015-02-08 12:24:00",227.41
"2015-02-08 12:25:00",227.44
"2015-02-08 12:26:00",227.31
"2015-02-08 12:27:00",227.25
"2015-02-08 12:28:00",227.31
"2015-02-08 12:29:00",227.26
"2015-02-08 12:30:00",227.23
"2015-02-08 12:31:00",227.21
"2015-02-08 12:32:00",227.16
"2015-02-08 12:33:00",227.1
"2015-02-08 12:34:00",227.13
"2015-02-08 12:35:00",227.16
"2015-02-08 12:36:00",227.17
"2015-02-08 12:37:00",227.12
"2015-02-08 12:38:00",227.13
"2015-02-08 12:39:00",227.15
"2015-02-08 12:40:00",227.15
"2015-02-08 12:41:00",227.1
"2015-02-08 12:42:00",227.19
"2015-02-08 12:43:00",226.97
"2015-02-08 12:44:00",226.87
"2015-02-08 12:45:00",226.8
"2015-02-08 12:46:00",226.8
"2015-02-08 12:47:00",226.81
"2015-02-08 12:48:00",226.78
"2015-02-08 12:49:00",226.78
"2015-02-08 12:50:00",225.56
"2015-02-08 12:51:00",225.42
"2015-02-08 12:52:00",224.99
"2015-02-08 12:53:00",224.81
"2015-02-08 12:54:00",224.89
"2015-02-08 12:55:00",224.99
"2015-02-08 12:56:00",224.91
"2015-02-08 12:57:00",224.75
"2015-02-08 12:58:00",224.67
"2015-02-08 12:59:00",224.77
"2015-02-08 13:00:00",224.28
"2015-02-08 13:01:00",224.18
"2015-02-08 13:02:00",223.66
"2015-02-08 13:03:00",223.89
"2015-02-08 13:04:00",223.83
"2015-02-08 13:05:00",223.81
"2015-02-08 13:06:00",223.96
"2015-02-08 13:07:00",224.31
"2015-02-08 13:08:00",224.65
"2015-02-08 13:09:00",224.87
"2015-02-08 13:10:00",225.07
"2015-02-08 13:11:00",225.15
"2015-02-08 13:12:00",225.2
"2015-02-08 13:13:00",225.08
"2015-02-08 13:14:00",224.97
"2015-02-08 13:15:00",224.98
"2015-02-08 13:16:00",225.12
"2015-02-08 13:17:00",225.08
"2015-02-08 13:18:00",225.29
"2015-02-08 13:19:00",225.13
"2015-02-08 13:20:00",225.07
"2015-02-08 13:21:00",225.05
"2015-02-08 13:22:00",225.07
"2015-02-08 13:23:00",225.08
"2015-02-08 13:24:00",224.87
"2015-02-08 13:25:00",224.91
"2015-02-08 13:26:00",224.98
"2015-02-08 13:27:00",225.06
"2015-02-08 13:28:00",225.01
"2015-02-08 13:29:00",225.07
"2015-02-08 13:30:00",225.2
"2015-02-08 13:31:00",225.15
"2015-02-08 13:32:00",225.31
"2015-02-08 13:33:00",225.27
"2015-02-08 13:34:00",225.24
"2015-02-08 13:35:00",225.22
"2015-02-08 13:36:00",225.24
"2015-02-08 13:37:00",225.26
"2015-02-08 13:38:00",225.37
"2015-02-08 13:39:00",225.26
"2015-02-08 13:40:00",225.37
"2015-02-08 13:41:00",225.47
"2015-02-08 13:42:00",225.45
"2015-02-08 13:43:00",225.42
"2015-02-08 13:44:00",225.39
"2015-02-08 13:45:00",225.39
"2015-02-08 13:46:00",225.42
"2015-02-08 13:47:00",225.34
"2015-02-08 13:48:00",225.46
"2015-02-08 13:49:00",225.48
"2015-02-08 13:50:00",225.47
"2015-02-08 13:51:00",225.37
"2015-02-08 13:52:00",225.35
"2015-02-08 13:53:00",225.34
"2015-02-08 13:54:00",225.25
"2015-02-08 13:55:00",225.42
"2015-02-08 13:56:00",225.43
"2015-02-08 13:57:00",225.54
"2015-02-08 13:58:00",225.43
"2015-02-08 13:59:00",225.38
"2015-02-08 14:00:00",225.33
"2015-02-08 14:01:00",225.31
"2015-02-08 14:02:00",225.32
"2015-02-08 14:03:00",225.34
"2015-02-08 14:04:00",225.4
"2015-02-08 14:05:00",225.43
"2015-02-08 14:06:00",225.51
"2015-02-08 14:07:00",225.52
"2015-02-08 14:08:00",225.43
"2015-02-08 14:09:00",225.55
"2015-02-08 14:10:00",225.52
"2015-02-08 14:11:00",225.42
"2015-02-08 14:12:00",225.54
"2015-02-08 14:13:00",225.51
"2015-02-08 14:14:00",225.41
"2015-02-08 14:15:00",225.39
"2015-02-08 14:16:00",225.37
"2015-02-08 14:17:00",225.42
"2015-02-08 14:18:00",225.35
"2015-02-08 14:19:00",225.4
"2015-02-08 14:20:00",225.36
"2015-02-08 14:21:00",225.36
"2015-02-08 14:22:00",225.33
"2015-02-08 14:23:00",225.38
"2015-02-08 14:24:00",225.5
"2015-02-08 14:25:00",225.35
"2015-02-08 14:26:00",225.35
"2015-02-08 14:27:00",225.33
"2015-02-08 14:28:00",225.18
"2015-02-08 14:29:00",225.33
"2015-02-08 14:30:00",225.19
"2015-02-08 14:31:00",225.28
"2015-02-08 14:32:00",225.34
"2015-02-08 14:33:00",225.29
"2015-02-08 14:34:00",225.2
"2015-02-08 14:35:00",225.14
"2015-02-08 14:36:00",225.05
"2015-02-08 14:37:00",224.97
"2015-02-08 14:38:00",224.99
"2015-02-08 14:39:00",224.93
"2015-02-08 14:40:00",224.9
"2015-02-08 14:41:00",225.02
"2015-02-08 14:42:00",224.91
"2015-02-08 14:43:00",224.92
"2015-02-08 14:44:00",224.92
"2015-02-08 14:45:00",224.9
"2015-02-08 14:46:00",224.82
"2015-02-08 14:47:00",224.8
"2015-02-08 14:48:00",224.81
"2015-02-08 14:49:00",224.85
"2015-02-08 14:50:00",224.92
"2015-02-08 14:51:00",224.9
"2015-02-08 14:52:00",224.88
"2015-02-08 14:53:00",224.48
"2015-02-08 14:54:00",224.91
"2015-02-08 14:55:00",224.81
"2015-02-08 14:56:00",224.76
"2015-02-08 14:57:00",224.85
"2015-02-08 14:58:00",224.87
"2015-02-08 14:59:00",224.93
"2015-02-08 15:00:00",224.99
"2015-02-08 15:01:00",225.1
"2015-02-08 15:02:00",225.3
"2015-02-08 15:03:00",225.46
"2015-02-08 15:04:00",225.66
"2015-02-08 15:05:00",225.73
"2015-02-08 15:06:00",225.65
"2015-02-08 15:07:00",225.54
"2015-02-08 15:08:00",225.59
"2015-02-08 15:09:00",225.46
"2015-02-08 15:10:00",225.52
"2015-02-08 15:11:00",225.51
"2015-02-08 15:12:00",225.42
"2015-02-08 15:13:00",225.42
"2015-02-08 15:14:00",225.5
"2015-02-08 15:15:00",225.6
"2015-02-08 15:16:00",225.63
"2015-02-08 15:17:00",225.64
"2015-02-08 15:18:00",225.67
"2015-02-08 15:19:00",225.61
"2015-02-08 15:20:00",225.57
"2015-02-08 15:21:00",225.52
"2015-02-08 15:22:00",225.48
"2015-02-08 15:23:00",225.4
"2015-02-08 15:24:00",225.43
"2015-02-08 15:25:00",225.34
"2015-02-08 15:26:00",225.37
"2015-02-08 15:27:00",225.35
"2015-02-08 15:28:00",225.32
"2015-02-08 15:29:00",225.33
"2015-02-08 15:30:00",225.18
"2015-02-08 15:31:00",224.37
"2015-02-08 15:32:00",223.17
"2015-02-08 15:33:00",223.23
"2015-02-08 15:34:00",223.35
"2015-02-08 15:35:00",223.48
"2015-02-08 15:36:00",223.54
"2015-02-08 15:37:00",223.54
"2015-02-08 15:38:00",223.84
"2015-02-08 15:39:00",223.81
"2015-02-08 15:40:00",223.94
"2015-02-08 15:41:00",223.81
"2015-02-08 15:42:00",223.78
"2015-02-08 15:43:00",223.82
"2015-02-08 15:44:00",223.64
"2015-02-08 15:45:00",223.29
"2015-02-08 15:46:00",222.86
"2015-02-08 15:47:00",222.84
"2015-02-08 15:48:00",222.75
"2015-02-08 15:49:00",222.75
"2015-02-08 15:50:00",222.56
"2015-02-08 15:51:00",221.88
"2015-02-08 15:52:00",220.67
"2015-02-08 15:53:00",220.23
"2015-02-08 15:54:00",220.19
"2015-02-08 15:55:00",220.61
"2015-02-08 15:56:00",220.92
"2015-02-08 15:57:00",220.99
"2015-02-08 15:58:00",220.96
"2015-02-08 15:59:00",220.96
"2015-02-08 16:00:00",221.04
"2015-02-08 16:01:00",221.19
"2015-02-08 16:02:00",221.32
"2015-02-08 16:03:00",221.54
"2015-02-08 16:04:00",221.69
"2015-02-08 16:05:00",221.7
"2015-02-08 16:06:00",221.74
"2015-02-08 16:07:00",221.85
"2015-02-08 16:08:00",221.85
"2015-02-08 16:09:00",221.89
"2015-02-08 16:10:00",221.88
"2015-02-08 16:11:00",221.88
"2015-02-08 16:12:00",221.78
"2015-02-08 16:13:00",221.5
"2015-02-08 16:14:00",221.34
"2015-02-08 16:15:00",220.9
"2015-02-08 16:16:00",219.96
"2015-02-08 16:17:00",220.13
"2015-02-08 16:18:00",220.61
"2015-02-08 16:19:00",220.74
"2015-02-08 16:20:00",220.96
"2015-02-08 16:21:00",220.97
"2015-02-08 16:22:00",220.97
"2015-02-08 16:23:00",221.17
"2015-02-08 16:24:00",221.24
"2015-02-08 16:25:00",221.3
"2015-02-08 16:26:00",221.23
"2015-02-08 16:27:00",221.17
"2015-02-08 16:28:00",221.23
"2015-02-08 16:29:00",221.23
"2015-02-08 16:30:00",221.36
"2015-02-08 16:31:00",221.45
"2015-02-08 16:32:00",221.58
"2015-02-08 16:33:00",221.54
"2015-02-08 16:34:00",221.55
"2015-02-08 16:35:00",221.54
"2015-02-08 16:36:00",221.39
"2015-02-08 16:37:00",221.65
"2015-02-08 16:38:00",221.63
"2015-02-08 16:39:00",221.77
"2015-02-08 16:40:00",221.74
"2015-02-08 16:41:00",221.8
"2015-02-08 16:42:00",221.79
"2015-02-08 16:43:00",221.83
"2015-02-08 16:44:00",221.91
"2015-02-08 16:45:00",221.94
"2015-02-08 16:46:00",221.93
"2015-02-08 16:47:00",221.9
"2015-02-08 16:48:00",221.79
"2015-02-08 16:49:00",221.8
"2015-02-08 16:50:00",221.72
"2015-02-08 16:51:00",221.56
"2015-02-08 16:52:00",221.69
"2015-02-08 16:53:00",221.6
"2015-02-08 16:54:00",221.75
"2015-02-08 16:55:00",221.74
"2015-02-08 16:56:00",221.77
"2015-02-08 16:57:00",221.82
"2015-02-08 16:58:00",221.85
"2015-02-08 16:59:00",221.85
"2015-02-08 17:00:00",221.83
"2015-02-08 17:01:00",221.85
"2015-02-08 17:02:00",221.77
"2015-02-08 17:03:00",221.81
"2015-02-08 17:04:00",221.86
"2015-02-08 17:05:00",221.85
"2015-02-08 17:06:00",221.83
"2015-02-08 17:07:00",221.85
"2015-02-08 17:08:00",221.87
"2015-02-08 17:09:00",221.78
"2015-02-08 17:10:00",221.89
"2015-02-08 17:11:00",221.76
"2015-02-08 17:12:00",221.72
"2015-02-08 17:13:00",221.7
"2015-02-08 17:14:00",221.74
"2015-02-08 17:15:00",221.67
"2015-02-08 17:16:00",221.61
"2015-02-08 17:17:00",221.62
"2015-02-08 17:18:00",221.56
"2015-02-08 17:19:00",221.59
"2015-02-08 17:20:00",221.62
"2015-02-08 17:21:00",221.71
"2015-02-08 17:22:00",221.63
"2015-02-08 17:23:00",221.57
"2015-02-08 17:24:00",221.57
"2015-02-08 17:25:00",221.51
"2015-02-08 17:26:00",221.52
"2015-02-08 17:27:00",221.49
"2015-02-08 17:28:00",221.53
"2015-02-08 17:29:00",221.7
"2015-02-08 17:30:00",221.51
"2015-02-08 17:31:00",221.54
"2015-02-08 17:32:00",221.59
"2015-02-08 17:33:00",221.49
"2015-02-08 17:34:00",221.6
"2015-02-08 17:35:00",221.57
"2015-02-08 17:36:00",221.57
"2015-02-08 17:37:00",221.76
"2015-02-08 17:38:00",221.65
"2015-02-08 17:39:00",221.71
"2015-02-08 17:40:00",221.84
"2015-02-08 17:41:00",221.79
"2015-02-08 17:42:00",221.77
"2015-02-08 17:43:00",221.65
"2015-02-08 17:44:00",221.66
"2015-02-08 17:45:00",221.54
"2015-02-08 17:46:00",221.5
"2015-02-08 17:47:00",221.51
"2015-02-08 17:48:00",221.5
"2015-02-08 17:49:00",221.55
"2015-02-08 17:50:00",221.57
"2015-02-08 17:51:00",221.63
"2015-02-08 17:52:00",221.62
"2015-02-08 17:53:00",221.62
"2015-02-08 17:54:00",221.65
"2015-02-08 17:55:00",221.72
"2015-02-08 17:56:00",221.73
"2015-02-08 17:57:00",221.71
"2015-02-08 17:58:00",221.74
"2015-02-08 17:59:00",221.86
"2015-02-08 18:00:00",221.79
"2015-02-08 18:01:00",221.8
"2015-02-08 18:02:00",221.78
"2015-02-08 18:03:00",221.78
"2015-02-08 18:04:00",221.78
"2015-02-08 18:05:00",221.81
"2015-02-08 18:06:00",221.83
"2015-02-08 18:07:00",221.97
"2015-02-08 18:08:00",222
"2015-02-08 18:09:00",222.16
"2015-02-08 18:10:00",222.11
"2015-02-08 18:11:00",222.44
"2015-02-08 18:12:00",222.54
"2015-02-08 18:13:00",222.84
"2015-02-08 18:14:00",223.05
"2015-02-08 18:15:00",222.95
"2015-02-08 18:16:00",223.03
"2015-02-08 18:17:00",222.99
"2015-02-08 18:18:00",222.86
"2015-02-08 18:19:00",222.89
"2015-02-08 18:20:00",222.73
"2015-02-08 18:21:00",222.66
"2015-02-08 18:22:00",222.6
"2015-02-08 18:23:00",222.57
"2015-02-08 18:24:00",222.47
"2015-02-08 18:25:00",222.5
"2015-02-08 18:26:00",222.43
"2015-02-08 18:27:00",222.47
"2015-02-08 18:28:00",222.5
"2015-02-08 18:29:00",222.43
"2015-02-08 18:30:00",222.44
"2015-02-08 18:31:00",222.42
"2015-02-08 18:32:00",222.39
"2015-02-08 18:33:00",222.43
"2015-02-08 18:34:00",222.42
"2015-02-08 18:35:00",222.48
"2015-02-08 18:36:00",222.5
"2015-02-08 18:37:00",222.6
"2015-02-08 18:38:00",222.59
"2015-02-08 18:39:00",222.62
"2015-02-08 18:40:00",222.41
"2015-02-08 18:41:00",222.34
"2015-02-08 18:42:00",222.34
"2015-02-08 18:43:00",222.18
"2015-02-08 18:44:00",222.19
"2015-02-08 18:45:00",221.94
"2015-02-08 18:46:00",221.81
"2015-02-08 18:47:00",221.65
"2015-02-08 18:48:00",221.59
"2015-02-08 18:49:00",221.62
"2015-02-08 18:50:00",221.72
"2015-02-08 18:51:00",221.68
"2015-02-08 18:52:00",221.63
"2015-02-08 18:53:00",221.71
"2015-02-08 18:54:00",221.78
"2015-02-08 18:55:00",221.85
"2015-02-08 18:56:00",221.87
"2015-02-08 18:57:00",221.85
"2015-02-08 18:58:00",221.92
"2015-02-08 18:59:00",221.92
"2015-02-08 19:00:00",221.91
"2015-02-08 19:01:00",221.98
"2015-02-08 19:02:00",222
"2015-02-08 19:03:00",221.98
"2015-02-08 19:04:00",221.92
"2015-02-08 19:05:00",221.95
"2015-02-08 19:06:00",221.95
"2015-02-08 19:07:00",222.01
"2015-02-08 19:08:00",222.15
"2015-02-08 19:09:00",222.16
"2015-02-08 19:10:00",222.23
"2015-02-08 19:11:00",222.38
"2015-02-08 19:12:00",222.25
"2015-02-08 19:13:00",222.48
"2015-02-08 19:14:00",222.36
"2015-02-08 19:15:00",222.35
"2015-02-08 19:16:00",222.27
"2015-02-08 19:17:00",222.25
"2015-02-08 19:18:00",222.32
"2015-02-08 19:19:00",222.21
"2015-02-08 19:20:00",222.22
"2015-02-08 19:21:00",222.12
"2015-02-08 19:22:00",222.16
"2015-02-08 19:23:00",222.33
"2015-02-08 19:24:00",222.23
"2015-02-08 19:25:00",222.24
"2015-02-08 19:26:00",222.31
"2015-02-08 19:27:00",222.14
"2015-02-08 19:28:00",222.14
"2015-02-08 19:29:00",222.14
"2015-02-08 19:30:00",222.14
"2015-02-08 19:31:00",222.15
"2015-02-08 19:32:00",222.11
"2015-02-08 19:33:00",222.03
"2015-02-08 19:34:00",222
"2015-02-08 19:35:00",221.97
"2015-02-08 19:36:00",221.96
"2015-02-08 19:37:00",221.93
"2015-02-08 19:38:00",222.11
"2015-02-08 19:39:00",222.1
"2015-02-08 19:40:00",222.15
"2015-02-08 19:41:00",222
"2015-02-08 19:42:00",222.17
"2015-02-08 19:43:00",222.1
"2015-02-08 19:44:00",222.09
"2015-02-08 19:45:00",222.12
"2015-02-08 19:46:00",222.18
"2015-02-08 19:47:00",222.19
"2015-02-08 19:48:00",222.2
"2015-02-08 19:49:00",222.24
"2015-02-08 19:50:00",222.37
"2015-02-08 19:51:00",222.48
"2015-02-08 19:52:00",222.55
"2015-02-08 19:53:00",222.76
"2015-02-08 19:54:00",222.64
"2015-02-08 19:55:00",222.55
"2015-02-08 19:56:00",222.51
"2015-02-08 19:57:00",222.56
"2015-02-08 19:58:00",222.59
"2015-02-08 19:59:00",222.48
"2015-02-08 20:00:00",222.61
"2015-02-08 20:01:00",222.55
"2015-02-08 20:02:00",222.56
"2015-02-08 20:03:00",222.46
"2015-02-08 20:04:00",222.49
"2015-02-08 20:05:00",222.47
"2015-02-08 20:06:00",222.4
"2015-02-08 20:07:00",222.39
"2015-02-08 20:08:00",222.39
"2015-02-08 20:09:00",222.29
"2015-02-08 20:10:00",222.35
"2015-02-08 20:11:00",222.38
"2015-02-08 20:12:00",222.37
"2015-02-08 20:13:00",222.33
"2015-02-08 20:14:00",222.31
"2015-02-08 20:15:00",222.28
"2015-02-08 20:16:00",222.28
"2015-02-08 20:17:00",222.21
"2015-02-08 20:18:00",222.26
"2015-02-08 20:19:00",222.33
"2015-02-08 20:20:00",222.43
"2015-02-08 20:21:00",222.45
"2015-02-08 20:22:00",222.47
"2015-02-08 20:23:00",222.51
"2015-02-08 20:24:00",222.41
"2015-02-08 20:25:00",222.46
"2015-02-08 20:26:00",222.58
"2015-02-08 20:27:00",222.5
"2015-02-08 20:28:00",222.58
"2015-02-08 20:29:00",222.67
"2015-02-08 20:30:00",222.71
"2015-02-08 20:31:00",222.93
"2015-02-08 20:32:00",222.81
"2015-02-08 20:33:00",223.1
"2015-02-08 20:34:00",223.18
"2015-02-08 20:35:00",223.18
"2015-02-08 20:36:00",223.19
"2015-02-08 20:37:00",223.05
"2015-02-08 20:38:00",222.97
"2015-02-08 20:39:00",222.95
"2015-02-08 20:40:00",222.86
"2015-02-08 20:41:00",222.94
"2015-02-08 20:42:00",222.96
"2015-02-08 20:43:00",223.1
"2015-02-08 20:44:00",222.99
"2015-02-08 20:45:00",222.97
"2015-02-08 20:46:00",222.98
"2015-02-08 20:47:00",223.01
"2015-02-08 20:48:00",223.15
"2015-02-08 20:49:00",223.1
"2015-02-08 20:50:00",223.18
"2015-02-08 20:51:00",223.17
"2015-02-08 20:52:00",223.2
"2015-02-08 20:53:00",223.18
"2015-02-08 20:54:00",223.11
"2015-02-08 20:55:00",223.04
"2015-02-08 20:56:00",223.04
"2015-02-08 20:57:00",223.07
"2015-02-08 20:58:00",223.1
"2015-02-08 20:59:00",223.03
"2015-02-08 21:00:00",222.99
"2015-02-08 21:01:00",222.99
"2015-02-08 21:02:00",222.99
"2015-02-08 21:03:00",223.08
"2015-02-08 21:04:00",222.94
"2015-02-08 21:05:00",222.82
"2015-02-08 21:06:00",222.98
"2015-02-08 21:07:00",222.72
"2015-02-08 21:08:00",222.67
"2015-02-08 21:09:00",222.7
"2015-02-08 21:10:00",222.55
"2015-02-08 21:11:00",222.57
"2015-02-08 21:12:00",222.57
"2015-02-08 21:13:00",222.57
"2015-02-08 21:14:00",222.64
"2015-02-08 21:15:00",222.56
"2015-02-08 21:16:00",222.6
"2015-02-08 21:17:00",222.6
"2015-02-08 21:18:00",222.55
"2015-02-08 21:19:00",222.59
"2015-02-08 21:20:00",222.54
"2015-02-08 21:21:00",222.55
"2015-02-08 21:22:00",222.49
"2015-02-08 21:23:00",222.53
"2015-02-08 21:24:00",222.49
"2015-02-08 21:25:00",222.51
"2015-02-08 21:26:00",222.57
"2015-02-08 21:27:00",222.59
"2015-02-08 21:28:00",222.54
"2015-02-08 21:29:00",222.53
"2015-02-08 21:30:00",222.52
"2015-02-08 21:31:00",222.38
"2015-02-08 21:32:00",222.44
"2015-02-08 21:33:00",222.51
"2015-02-08 21:34:00",222.5
"2015-02-08 21:35:00",222.48
"2015-02-08 21:36:00",222.49
"2015-02-08 21:37:00",222.54
"2015-02-08 21:38:00",222.39
"2015-02-08 21:39:00",222.37
"2015-02-08 21:40:00",222.42
"2015-02-08 21:41:00",222.44
"2015-02-08 21:42:00",222.49
"2015-02-08 21:43:00",222.46
"2015-02-08 21:44:00",222.45
"2015-02-08 21:45:00",222.41
"2015-02-08 21:46:00",222.53
"2015-02-08 21:47:00",222.37
"2015-02-08 21:48:00",222.48
"2015-02-08 21:49:00",222.48
"2015-02-08 21:50:00",222.5
"2015-02-08 21:51:00",222.47
"2015-02-08 21:52:00",222.46
"2015-02-08 21:53:00",222.48
"2015-02-08 21:54:00",222.35
"2015-02-08 21:55:00",222.24
"2015-02-08 21:56:00",222.21
"2015-02-08 21:57:00",222.17
"2015-02-08 21:58:00",222.12
"2015-02-08 21:59:00",222.13
"2015-02-08 22:00:00",222.14
"2015-02-08 22:01:00",222.1
"2015-02-08 22:02:00",222.08
"2015-02-08 22:03:00",222.03
"2015-02-08 22:04:00",222.02
"2015-02-08 22:05:00",222.02
"2015-02-08 22:06:00",221.94
"2015-02-08 22:07:00",221.96
"2015-02-08 22:08:00",221.93
"2015-02-08 22:09:00",221.93
"2015-02-08 22:10:00",222
"2015-02-08 22:11:00",221.96
"2015-02-08 22:12:00",222.08
"2015-02-08 22:13:00",222.31
"2015-02-08 22:14:00",222.46
"2015-02-08 22:15:00",222.5
"2015-02-08 22:16:00",222.62
"2015-02-08 22:17:00",222.57
"2015-02-08 22:18:00",222.53
"2015-02-08 22:19:00",222.63
"2015-02-08 22:20:00",222.55
"2015-02-08 22:21:00",222.56
"2015-02-08 22:22:00",222.59
"2015-02-08 22:23:00",222.54
"2015-02-08 22:24:00",222.42
"2015-02-08 22:25:00",222.5
"2015-02-08 22:26:00",222.44
"2015-02-08 22:27:00",222.43
"2015-02-08 22:28:00",222.5
"2015-02-08 22:29:00",222.49
"2015-02-08 22:30:00",222.54
"2015-02-08 22:31:00",222.46
"2015-02-08 22:32:00",222.48
"2015-02-08 22:33:00",222.56
"2015-02-08 22:34:00",222.53
"2015-02-08 22:35:00",222.54
"2015-02-08 22:36:00",222.61
"2015-02-08 22:37:00",222.55
"2015-02-08 22:38:00",222.7
"2015-02-08 22:39:00",222.73
"2015-02-08 22:40:00",222.77
"2015-02-08 22:41:00",222.81
"2015-02-08 22:42:00",222.76
"2015-02-08 22:43:00",222.76
"2015-02-08 22:44:00",222.9
"2015-02-08 22:45:00",222.83
"2015-02-08 22:46:00",222.89
"2015-02-08 22:47:00",223
"2015-02-08 22:48:00",222.95
"2015-02-08 22:49:00",222.95
"2015-02-08 22:50:00",222.85
"2015-02-08 22:51:00",222.9
"2015-02-08 22:52:00",222.84
"2015-02-08 22:53:00",222.88
"2015-02-08 22:54:00",222.92
"2015-02-08 22:55:00",222.9
"2015-02-08 22:56:00",222.91
"2015-02-08 22:57:00",222.82
"2015-02-08 22:58:00",222.95
"2015-02-08 22:59:00",222.89
"2015-02-08 23:00:00",222.79
"2015-02-08 23:01:00",222.81
"2015-02-08 23:02:00",222.9
"2015-02-08 23:03:00",222.97
"2015-02-08 23:04:00",222.89
"2015-02-08 23:05:00",222.99
"2015-02-08 23:06:00",223.11
"2015-02-08 23:07:00",223.25
"2015-02-08 23:08:00",223.16
"2015-02-08 23:09:00",223.2
"2015-02-08 23:10:00",223.29
"2015-02-08 23:11:00",223.19
"2015-02-08 23:12:00",223.18
"2015-02-08 23:13:00",223.05
"2015-02-08 23:14:00",223.06
"2015-02-08 23:15:00",223.01
"2015-02-08 23:16:00",223
"2015-02-08 23:17:00",223.06
"2015-02-08 23:18:00",223.08
"2015-02-08 23:19:00",223.12
"2015-02-08 23:20:00",223.03
"2015-02-08 23:21:00",223.08
"2015-02-08 23:22:00",223.25
"2015-02-08 23:23:00",223.18
"2015-02-08 23:24:00",223.18
"2015-02-08 23:25:00",223.04
"2015-02-08 23:26:00",222.96
"2015-02-08 23:27:00",222.96
"2015-02-08 23:28:00",222.9
"2015-02-08 23:29:00",222.96
"2015-02-08 23:30:00",223
"2015-02-08 23:31:00",222.94
"2015-02-08 23:32:00",222.92
"2015-02-08 23:33:00",223.04
"2015-02-08 23:34:00",222.99
"2015-02-08 23:35:00",223.03
"2015-02-08 23:36:00",223.1
"2015-02-08 23:37:00",223
"2015-02-08 23:38:00",222.99
"2015-02-08 23:39:00",222.88
"2015-02-08 23:40:00",222.8
"2015-02-08 23:41:00",222.75
"2015-02-08 23:42:00",222.81
"2015-02-08 23:43:00",222.77
"2015-02-08 23:44:00",222.75
"2015-02-08 23:45:00",222.91
"2015-02-08 23:46:00",222.82
"2015-02-08 23:47:00",222.8
"2015-02-08 23:48:00",222.8
"2015-02-08 23:49:00",222.8
"2015-02-08 23:50:00",222.81
"2015-02-08 23:51:00",222.83
"2015-02-08 23:52:00",222.83
"2015-02-08 23:53:00",222.84
"2015-02-08 23:54:00",222.75
"2015-02-08 23:55:00",222.86
"2015-02-08 23:56:00",222.86
"2015-02-08 23:57:00",222.9
"2015-02-08 23:58:00",222.87
"2015-02-08 23:59:00",222.92
"2015-02-09 00:01:00",222.91
"2015-02-09 00:02:00",222.96
"2015-02-09 00:03:00",223.03
"2015-02-09 00:04:00",222.95
"2015-02-09 00:05:00",223.1
"2015-02-09 00:06:00",222.99
"2015-02-09 00:07:00",223.02
"2015-02-09 00:08:00",223.05
"2015-02-09 00:09:00",223.04
"2015-02-09 00:10:00",223.13
"2015-02-09 00:11:00",223.04
"2015-02-09 00:12:00",223.02
"2015-02-09 00:13:00",223.05
"2015-02-09 00:14:00",223.06
"2015-02-09 00:15:00",223.03
"2015-02-09 00:16:00",223.14
"2015-02-09 00:17:00",223.07
"2015-02-09 00:18:00",223.03
"2015-02-09 00:19:00",222.93
"2015-02-09 00:20:00",223.14
"2015-02-09 00:21:00",223.08
"2015-02-09 00:22:00",223.03
"2015-02-09 00:23:00",223.05
"2015-02-09 00:24:00",223.06
"2015-02-09 00:25:00",223.08
"2015-02-09 00:26:00",223.07
"2015-02-09 00:27:00",223.04
"2015-02-09 00:28:00",223.04
"2015-02-09 00:29:00",223.09
"2015-02-09 00:30:00",223.21
"2015-02-09 00:31:00",223.14
"2015-02-09 00:32:00",223.09
"2015-02-09 00:33:00",223.13
"2015-02-09 00:34:00",223.21
"2015-02-09 00:35:00",223.17
"2015-02-09 00:36:00",223.2
"2015-02-09 00:37:00",223.21
"2015-02-09 00:38:00",223.21
"2015-02-09 00:39:00",223.21
"2015-02-09 00:40:00",223.19
"2015-02-09 00:41:00",223.36
"2015-02-09 00:42:00",223.21
"2015-02-09 00:43:00",223.29
"2015-02-09 00:44:00",223.27
"2015-02-09 00:45:00",223.28
"2015-02-09 00:46:00",223.24
"2015-02-09 00:47:00",223.18
"2015-02-09 00:48:00",223.11
"2015-02-09 00:49:00",222.98
"2015-02-09 00:50:00",222.85
"2015-02-09 00:51:00",222.91
"2015-02-09 00:52:00",222.85
"2015-02-09 00:53:00",222.89
"2015-02-09 00:54:00",222.97
"2015-02-09 00:55:00",222.92
"2015-02-09 00:56:00",222.85
"2015-02-09 00:57:00",223.11
"2015-02-09 00:58:00",223.13
"2015-02-09 00:59:00",222.92
"2015-02-09 01:00:00",222.64
"2015-02-09 01:01:00",222.19
"2015-02-09 01:02:00",222.12
"2015-02-09 01:03:00",222.18
"2015-02-09 01:04:00",222.07
"2015-02-09 01:05:00",222.15
"2015-02-09 01:06:00",222.26
"2015-02-09 01:07:00",222.19
"2015-02-09 01:08:00",222.33
"2015-02-09 01:09:00",222.28
"2015-02-09 01:10:00",222.13
"2015-02-09 01:11:00",222.31
"2015-02-09 01:12:00",222.18
"2015-02-09 01:13:00",221.99
"2015-02-09 01:14:00",222.03
"2015-02-09 01:15:00",222.11
"2015-02-09 01:16:00",221.89
"2015-02-09 01:17:00",221.89
"2015-02-09 01:18:00",221.98
"2015-02-09 01:19:00",221.83
"2015-02-09 01:20:00",221.87
"2015-02-09 01:21:00",221.92
"2015-02-09 01:22:00",221.78
"2015-02-09 01:23:00",221.82
"2015-02-09 01:24:00",221.74
"2015-02-09 01:25:00",221.68
"2015-02-09 01:26:00",221.74
"2015-02-09 01:27:00",221.73
"2015-02-09 01:28:00",221.75
"2015-02-09 01:29:00",221.73
"2015-02-09 01:30:00",221.76
"2015-02-09 01:31:00",221.76
"2015-02-09 01:32:00",221.72
"2015-02-09 01:33:00",221.8
"2015-02-09 01:34:00",221.9
"2015-02-09 01:35:00",221.97
"2015-02-09 01:36:00",222.19
"2015-02-09 01:37:00",222.39
"2015-02-09 01:38:00",222.31
"2015-02-09 01:39:00",222.37
"2015-02-09 01:40:00",222.37
"2015-02-09 01:41:00",222.38
"2015-02-09 01:42:00",222.42
"2015-02-09 01:43:00",222.25
"2015-02-09 01:44:00",222.35
"2015-02-09 01:45:00",222.59
"2015-02-09 01:46:00",222.44
"2015-02-09 01:47:00",222.61
"2015-02-09 01:48:00",222.68
"2015-02-09 01:49:00",222.7
"2015-02-09 01:50:00",222.7
"2015-02-09 01:51:00",222.67
"2015-02-09 01:52:00",222.71
"2015-02-09 01:53:00",222.84
"2015-02-09 01:54:00",222.76
"2015-02-09 01:55:00",222.74
"2015-02-09 01:56:00",222.75
"2015-02-09 01:57:00",222.8
"2015-02-09 01:58:00",222.71
"2015-02-09 01:59:00",222.71
"2015-02-09 02:00:00",222.77
"2015-02-09 02:01:00",222.74
"2015-02-09 02:02:00",222.74
"2015-02-09 02:03:00",222.67
"2015-02-09 02:04:00",222.71
"2015-02-09 02:05:00",222.76
"2015-02-09 02:06:00",222.71
"2015-02-09 02:07:00",222.68
"2015-02-09 02:08:00",222.68
"2015-02-09 02:09:00",222.77
"2015-02-09 02:10:00",222.67
"2015-02-09 02:11:00",222.58
"2015-02-09 02:12:00",222.59
"2015-02-09 02:13:00",222.43
"2015-02-09 02:14:00",222.38
"2015-02-09 02:15:00",222.55
"2015-02-09 02:16:00",222.47
"2015-02-09 02:17:00",222.62
"2015-02-09 02:18:00",222.56
"2015-02-09 02:19:00",222.47
"2015-02-09 02:20:00",222.55
"2015-02-09 02:21:00",222.59
"2015-02-09 02:22:00",222.56
"2015-02-09 02:23:00",222.65
"2015-02-09 02:24:00",222.48
"2015-02-09 02:25:00",222.44
"2015-02-09 02:26:00",222.33
"2015-02-09 02:27:00",222.46
"2015-02-09 02:28:00",222.41
"2015-02-09 02:29:00",222.78
"2015-02-09 02:30:00",222.88
"2015-02-09 02:31:00",222.94
"2015-02-09 02:32:00",222.91
"2015-02-09 02:33:00",222.94
"2015-02-09 02:34:00",222.93
"2015-02-09 02:35:00",223
"2015-02-09 02:36:00",223.03
"2015-02-09 02:37:00",223.39
"2015-02-09 02:38:00",223.29
"2015-02-09 02:39:00",223.31
"2015-02-09 02:40:00",223.31
"2015-02-09 02:41:00",223.35
"2015-02-09 02:42:00",223.35
"2015-02-09 02:43:00",223.36
"2015-02-09 02:44:00",223.19
"2015-02-09 02:45:00",223.11
"2015-02-09 02:46:00",223.01
"2015-02-09 02:47:00",223.05
"2015-02-09 02:48:00",223.03
"2015-02-09 02:49:00",222.98
"2015-02-09 02:50:00",222.89
"2015-02-09 02:51:00",222.96
"2015-02-09 02:52:00",222.95
"2015-02-09 02:53:00",223
"2015-02-09 02:54:00",223.03
"2015-02-09 02:55:00",222.98
"2015-02-09 02:56:00",222.98
"2015-02-09 02:57:00",223.01
"2015-02-09 02:58:00",223.03
"2015-02-09 02:59:00",222.87
"2015-02-09 03:00:00",222.82
"2015-02-09 03:01:00",222.7
"2015-02-09 03:02:00",222.65
"2015-02-09 03:03:00",222.65
"2015-02-09 03:04:00",222.34
"2015-02-09 03:05:00",222.31
"2015-02-09 03:06:00",222.29
"2015-02-09 03:07:00",222.24
"2015-02-09 03:08:00",222.23
"2015-02-09 03:09:00",222.27
"2015-02-09 03:10:00",222.26
"2015-02-09 03:11:00",222.23
"2015-02-09 03:12:00",222.27
"2015-02-09 03:13:00",222.33
"2015-02-09 03:14:00",222.5
"2015-02-09 03:15:00",222.5
"2015-02-09 03:16:00",222.54
"2015-02-09 03:17:00",222.52
"2015-02-09 03:18:00",222.52
"2015-02-09 03:19:00",222.44
"2015-02-09 03:20:00",222.67
"2015-02-09 03:21:00",222.74
"2015-02-09 03:22:00",222.68
"2015-02-09 03:23:00",222.46
"2015-02-09 03:24:00",222.43
"2015-02-09 03:25:00",222.51
"2015-02-09 03:26:00",222.39
"2015-02-09 03:27:00",222.43
"2015-02-09 03:28:00",222.44
"2015-02-09 03:29:00",222.43
"2015-02-09 03:30:00",222.5
"2015-02-09 03:31:00",222.55
"2015-02-09 03:32:00",222.58
"2015-02-09 03:33:00",222.5
"2015-02-09 03:34:00",222.56
"2015-02-09 03:35:00",222.67
"2015-02-09 03:36:00",222.59
"2015-02-09 03:37:00",222.56
"2015-02-09 03:38:00",222.68
"2015-02-09 03:39:00",222.54
"2015-02-09 03:40:00",222.55
"2015-02-09 03:41:00",222.52
"2015-02-09 03:42:00",222.56
"2015-02-09 03:43:00",222.59
"2015-02-09 03:44:00",222.61
"2015-02-09 03:45:00",222.72
"2015-02-09 03:46:00",222.62
"2015-02-09 03:47:00",222.63
"2015-02-09 03:48:00",222.64
"2015-02-09 03:49:00",222.75
"2015-02-09 03:50:00",222.73
"2015-02-09 03:51:00",222.66
"2015-02-09 03:52:00",222.68
"2015-02-09 03:53:00",222.7
"2015-02-09 03:54:00",222.76
"2015-02-09 03:55:00",222.72
"2015-02-09 03:56:00",222.8
"2015-02-09 03:57:00",222.82
"2015-02-09 03:58:00",222.89
"2015-02-09 03:59:00",222.81
"2015-02-09 04:00:00",222.78
"2015-02-09 04:01:00",222.77
"2015-02-09 04:02:00",222.73
"2015-02-09 04:03:00",222.79
"2015-02-09 04:04:00",222.74
"2015-02-09 04:05:00",222.8
"2015-02-09 04:06:00",222.88
"2015-02-09 04:07:00",222.77
"2015-02-09 04:08:00",222.73
"2015-02-09 04:09:00",222.83
"2015-02-09 04:10:00",222.87
"2015-02-09 04:11:00",222.98
"2015-02-09 04:12:00",222.91
"2015-02-09 04:13:00",222.94
"2015-02-09 04:14:00",223.01
"2015-02-09 04:15:00",222.98
"2015-02-09 04:16:00",222.9
"2015-02-09 04:17:00",222.91
"2015-02-09 04:18:00",222.9
"2015-02-09 04:19:00",222.85
"2015-02-09 04:20:00",222.69
"2015-02-09 04:21:00",222.77
"2015-02-09 04:22:00",222.85
"2015-02-09 04:23:00",222.79
"2015-02-09 04:24:00",222.76
"2015-02-09 04:25:00",222.75
"2015-02-09 04:26:00",222.82
"2015-02-09 04:27:00",222.77
"2015-02-09 04:28:00",222.75
"2015-02-09 04:29:00",222.71
"2015-02-09 04:30:00",222.74
"2015-02-09 04:31:00",222.82
"2015-02-09 04:32:00",222.74
"2015-02-09 04:33:00",222.7
"2015-02-09 04:34:00",222.91
"2015-02-09 04:35:00",222.85
"2015-02-09 04:36:00",222.82
"2015-02-09 04:37:00",222.76
"2015-02-09 04:38:00",222.58
"2015-02-09 04:39:00",222.59
"2015-02-09 04:40:00",222.66
"2015-02-09 04:41:00",222.56
"2015-02-09 04:42:00",222.62
"2015-02-09 04:43:00",222.58
"2015-02-09 04:44:00",222.68
"2015-02-09 04:45:00",222.62
"2015-02-09 04:46:00",222.63
"2015-02-09 04:47:00",222.71
"2015-02-09 04:48:00",222.76
"2015-02-09 04:49:00",222.56
"2015-02-09 04:50:00",222.52
"2015-02-09 04:51:00",222.48
"2015-02-09 04:52:00",222.4
"2015-02-09 04:53:00",222.35
"2015-02-09 04:54:00",222.33
"2015-02-09 04:55:00",222.3
"2015-02-09 04:56:00",222.17
"2015-02-09 04:57:00",222.02
"2015-02-09 04:58:00",222.03
"2015-02-09 04:59:00",222.16
"2015-02-09 05:00:00",222.07
"2015-02-09 05:01:00",222.06
"2015-02-09 05:02:00",221.94
"2015-02-09 05:03:00",221.89
"2015-02-09 05:04:00",221.92
"2015-02-09 05:05:00",221.53
"2015-02-09 05:06:00",221.42
"2015-02-09 05:07:00",221.26
"2015-02-09 05:08:00",221.28
"2015-02-09 05:09:00",221.38
"2015-02-09 05:10:00",221.37
"2015-02-09 05:11:00",221.41
"2015-02-09 05:12:00",221.48
"2015-02-09 05:13:00",221.43
"2015-02-09 05:14:00",221.47
"2015-02-09 05:15:00",221.47
"2015-02-09 05:16:00",221.52
"2015-02-09 05:17:00",221.41
"2015-02-09 05:18:00",221.37
"2015-02-09 05:19:00",221.51
"2015-02-09 05:20:00",221.71
"2015-02-09 05:21:00",221.62
"2015-02-09 05:22:00",221.69
"2015-02-09 05:23:00",221.65
"2015-02-09 05:24:00",221.75
"2015-02-09 05:25:00",221.62
"2015-02-09 05:26:00",221.57
"2015-02-09 05:27:00",221.71
"2015-02-09 05:28:00",221.74
"2015-02-09 05:29:00",221.55
"2015-02-09 05:30:00",221.53
"2015-02-09 05:31:00",221.36
"2015-02-09 05:32:00",221.4
"2015-02-09 05:33:00",221.38
"2015-02-09 05:34:00",221.43
"2015-02-09 05:35:00",221.38
"2015-02-09 05:36:00",221.27
"2015-02-09 05:37:00",221.23
"2015-02-09 05:38:00",221.27
"2015-02-09 05:39:00",221.5
"2015-02-09 05:40:00",221.5
"2015-02-09 05:41:00",221.5
"2015-02-09 05:42:00",221.61
"2015-02-09 05:43:00",221.71
"2015-02-09 05:44:00",221.63
"2015-02-09 05:45:00",221.64
"2015-02-09 05:46:00",221.58
"2015-02-09 05:47:00",221.64
"2015-02-09 05:48:00",221.38
"2015-02-09 05:49:00",221.31
"2015-02-09 05:50:00",221.47
"2015-02-09 05:51:00",221.34
"2015-02-09 05:52:00",221.37
"2015-02-09 05:53:00",221.36
"2015-02-09 05:54:00",221.45
"2015-02-09 05:55:00",221.42
"2015-02-09 05:56:00",221.37
"2015-02-09 05:57:00",221.15
"2015-02-09 05:58:00",221.12
"2015-02-09 05:59:00",220.93
"2015-02-09 06:00:00",220.5
"2015-02-09 06:01:00",220.4
"2015-02-09 06:02:00",220.45
"2015-02-09 06:03:00",220.32
"2015-02-09 06:04:00",220.21
"2015-02-09 06:05:00",220.3
"2015-02-09 06:06:00",220.2
"2015-02-09 06:07:00",220.22
"2015-02-09 06:08:00",220.34
"2015-02-09 06:09:00",220.42
"2015-02-09 06:10:00",220.41
"2015-02-09 06:11:00",220.47
"2015-02-09 06:12:00",220.42
"2015-02-09 06:13:00",220.49
"2015-02-09 06:14:00",220.72
"2015-02-09 06:15:00",220.66
"2015-02-09 06:16:00",220.8
"2015-02-09 06:17:00",221.21
"2015-02-09 06:18:00",221.45
"2015-02-09 06:19:00",221.59
"2015-02-09 06:20:00",221.58
"2015-02-09 06:21:00",221.59
"2015-02-09 06:22:00",221.54
"2015-02-09 06:23:00",221.51
"2015-02-09 06:24:00",221.52
"2015-02-09 06:25:00",221.67
"2015-02-09 06:26:00",221.61
"2015-02-09 06:27:00",221.69
"2015-02-09 06:28:00",221.71
"2015-02-09 06:29:00",221.76
"2015-02-09 06:30:00",221.92
"2015-02-09 06:31:00",222.05
"2015-02-09 06:32:00",222.13
"2015-02-09 06:33:00",222.15
"2015-02-09 06:34:00",222.19
"2015-02-09 06:35:00",222.18
"2015-02-09 06:36:00",222.05
"2015-02-09 06:37:00",222.03
"2015-02-09 06:38:00",222.21
"2015-02-09 06:39:00",222.1
"2015-02-09 06:40:00",222.11
"2015-02-09 06:41:00",221.99
"2015-02-09 06:42:00",222.01
"2015-02-09 06:43:00",222
"2015-02-09 06:44:00",222.02
"2015-02-09 06:45:00",222.09
"2015-02-09 06:46:00",222.19
"2015-02-09 06:47:00",222.27
"2015-02-09 06:48:00",222.31
"2015-02-09 06:49:00",222.32
"2015-02-09 06:50:00",222.33
"2015-02-09 06:51:00",222.38
"2015-02-09 06:52:00",222.31
"2015-02-09 06:53:00",222.42
"2015-02-09 06:54:00",222.27
"2015-02-09 06:55:00",222.29
"2015-02-09 06:56:00",222.23
"2015-02-09 06:57:00",222.19
"2015-02-09 06:58:00",222.32
"2015-02-09 06:59:00",222.11
"2015-02-09 07:00:00",222.15
"2015-02-09 07:01:00",222.08
"2015-02-09 07:02:00",222.06
"2015-02-09 07:03:00",221.93
"2015-02-09 07:04:00",221.86
"2015-02-09 07:05:00",221.9
"2015-02-09 07:06:00",221.81
"2015-02-09 07:07:00",221.92
"2015-02-09 07:08:00",221.89
"2015-02-09 07:09:00",221.88
"2015-02-09 07:10:00",221.93
"2015-02-09 07:11:00",222.03
"2015-02-09 07:12:00",222.03
"2015-02-09 07:13:00",221.93
"2015-02-09 07:14:00",221.88
"2015-02-09 07:15:00",221.9
"2015-02-09 07:16:00",221.73
"2015-02-09 07:17:00",221.66
"2015-02-09 07:18:00",221.65
"2015-02-09 07:19:00",221.92
"2015-02-09 07:20:00",221.73
"2015-02-09 07:21:00",221.71
"2015-02-09 07:22:00",221.77
"2015-02-09 07:23:00",221.78
"2015-02-09 07:24:00",221.76
"2015-02-09 07:25:00",221.75
"2015-02-09 07:26:00",221.79
"2015-02-09 07:27:00",221.8
"2015-02-09 07:28:00",221.8
"2015-02-09 07:29:00",222.1
"2015-02-09 07:30:00",222.08
"2015-02-09 07:31:00",222.23
"2015-02-09 07:32:00",222.29
"2015-02-09 07:33:00",222.18
"2015-02-09 07:34:00",222.19
"2015-02-09 07:35:00",222.23
"2015-02-09 07:36:00",222.16
"2015-02-09 07:37:00",222.26
"2015-02-09 07:38:00",222.32
"2015-02-09 07:39:00",222.29
"2015-02-09 07:40:00",222.28
"2015-02-09 07:41:00",222.45
"2015-02-09 07:42:00",222.34
"2015-02-09 07:43:00",222.25
"2015-02-09 07:44:00",222.22
"2015-02-09 07:45:00",222.25
"2015-02-09 07:46:00",222.24
"2015-02-09 07:47:00",222.39
"2015-02-09 07:48:00",222.34
"2015-02-09 07:49:00",222.34
"2015-02-09 07:50:00",222.35
"2015-02-09 07:51:00",222.3
"2015-02-09 07:52:00",222.32
"2015-02-09 07:53:00",222.31
"2015-02-09 07:54:00",222.42
"2015-02-09 07:55:00",222.35
"2015-02-09 07:56:00",222.34
"2015-02-09 07:57:00",222.44
"2015-02-09 07:58:00",222.29
"2015-02-09 07:59:00",222.37
"2015-02-09 08:00:00",222.27
"2015-02-09 08:01:00",222.22
"2015-02-09 08:02:00",222.32
"2015-02-09 08:03:00",222.16
"2015-02-09 08:04:00",221.93
"2015-02-09 08:05:00",221.86
"2015-02-09 08:06:00",221.86
"2015-02-09 08:07:00",221.69
"2015-02-09 08:08:00",221.64
"2015-02-09 08:09:00",221.45
"2015-02-09 08:10:00",221.43
"2015-02-09 08:11:00",221.41
"2015-02-09 08:12:00",221.51
"2015-02-09 08:13:00",221.53
"2015-02-09 08:14:00",221.51
"2015-02-09 08:15:00",221.51
"2015-02-09 08:16:00",221.67
"2015-02-09 08:17:00",221.64
"2015-02-09 08:18:00",221.73
"2015-02-09 08:19:00",221.69
"2015-02-09 08:20:00",221.72
"2015-02-09 08:21:00",221.79
"2015-02-09 08:22:00",221.78
"2015-02-09 08:23:00",221.98
"2015-02-09 08:24:00",221.83
"2015-02-09 08:25:00",221.92
"2015-02-09 08:26:00",221.96
"2015-02-09 08:27:00",221.94
"2015-02-09 08:28:00",221.77
"2015-02-09 08:29:00",221.86
"2015-02-09 08:30:00",221.73
"2015-02-09 08:31:00",221.78
"2015-02-09 08:32:00",221.86
"2015-02-09 08:33:00",221.85
"2015-02-09 08:34:00",221.85
"2015-02-09 08:35:00",221.79
"2015-02-09 08:36:00",221.82
"2015-02-09 08:37:00",221.76
"2015-02-09 08:38:00",221.9
"2015-02-09 08:39:00",221.83
"2015-02-09 08:40:00",221.84
"2015-02-09 08:41:00",221.82
"2015-02-09 08:42:00",221.76
"2015-02-09 08:43:00",221.83
"2015-02-09 08:44:00",221.92
"2015-02-09 08:45:00",222.08
"2015-02-09 08:46:00",222.12
"2015-02-09 08:47:00",222.17
"2015-02-09 08:48:00",222.19
"2015-02-09 08:49:00",222.29
"2015-02-09 08:50:00",222.59
"2015-02-09 08:51:00",223.05
"2015-02-09 08:52:00",223.3
"2015-02-09 08:53:00",223.23
"2015-02-09 08:54:00",223.27
"2015-02-09 08:55:00",223.19
"2015-02-09 08:56:00",223.27
"2015-02-09 08:57:00",223.45
"2015-02-09 08:58:00",223.67
"2015-02-09 08:59:00",223.86
"2015-02-09 09:00:00",223.95
"2015-02-09 09:01:00",223.61
"2015-02-09 09:02:00",223.5
"2015-02-09 09:03:00",223.4
"2015-02-09 09:04:00",223.26
"2015-02-09 09:05:00",223.43
"2015-02-09 09:06:00",223.38
"2015-02-09 09:07:00",223.37
"2015-02-09 09:08:00",223.4
"2015-02-09 09:09:00",223.43
"2015-02-09 09:10:00",223.52
"2015-02-09 09:11:00",223.27
"2015-02-09 09:12:00",223.27
"2015-02-09 09:13:00",223.21
"2015-02-09 09:14:00",223.35
"2015-02-09 09:15:00",223.25
"2015-02-09 09:16:00",223.21
"2015-02-09 09:17:00",223.22
"2015-02-09 09:18:00",223.09
"2015-02-09 09:19:00",223
"2015-02-09 09:20:00",222.99
"2015-02-09 09:21:00",223.08
"2015-02-09 09:22:00",223.06
"2015-02-09 09:23:00",223
"2015-02-09 09:24:00",222.95
"2015-02-09 09:25:00",222.9
"2015-02-09 09:26:00",222.88
"2015-02-09 09:27:00",222.92
"2015-02-09 09:28:00",223.1
"2015-02-09 09:29:00",222.98
"2015-02-09 09:30:00",222.99
"2015-02-09 09:31:00",222.98
"2015-02-09 09:32:00",222.98
"2015-02-09 09:33:00",223
"2015-02-09 09:34:00",222.98
"2015-02-09 09:35:00",223
"2015-02-09 09:36:00",222.97
"2015-02-09 09:37:00",223.07
"2015-02-09 09:38:00",223.11
"2015-02-09 09:39:00",222.98
"2015-02-09 09:40:00",222.99
"2015-02-09 09:41:00",223
"2015-02-09 09:42:00",223.06
"2015-02-09 09:43:00",223
"2015-02-09 09:44:00",222.96
"2015-02-09 09:45:00",222.99
"2015-02-09 09:46:00",222.96
"2015-02-09 09:47:00",222.97
"2015-02-09 09:48:00",223.11
"2015-02-09 09:49:00",223.26
"2015-02-09 09:50:00",223.46
"2015-02-09 09:51:00",223.41
"2015-02-09 09:52:00",223.5
"2015-02-09 09:53:00",223.47
"2015-02-09 09:54:00",223.5
"2015-02-09 09:55:00",223.44
"2015-02-09 09:56:00",223.46
"2015-02-09 09:57:00",223.45
"2015-02-09 09:58:00",223.38
"2015-02-09 09:59:00",223.29
"2015-02-09 10:00:00",223.29
"2015-02-09 10:01:00",223.22
"2015-02-09 10:02:00",223.13
"2015-02-09 10:03:00",222.98
"2015-02-09 10:04:00",222.98
"2015-02-09 10:05:00",222.93
"2015-02-09 10:06:00",222.94
"2015-02-09 10:07:00",222.96
"2015-02-09 10:08:00",222.84
"2015-02-09 10:09:00",222.5
"2015-02-09 10:10:00",221.99
"2015-02-09 10:11:00",222.22
"2015-02-09 10:12:00",222.32
"2015-02-09 10:13:00",222.16
"2015-02-09 10:14:00",222.3
"2015-02-09 10:15:00",222.29
"2015-02-09 10:16:00",221.96
"2015-02-09 10:17:00",221.95
"2015-02-09 10:18:00",221.81
"2015-02-09 10:19:00",221.95
"2015-02-09 10:20:00",221.9
"2015-02-09 10:21:00",221.97
"2015-02-09 10:22:00",222.06
"2015-02-09 10:23:00",222.13
"2015-02-09 10:24:00",221.98
"2015-02-09 10:25:00",222
"2015-02-09 10:26:00",221.83
"2015-02-09 10:27:00",221.97
"2015-02-09 10:28:00",221.8
"2015-02-09 10:29:00",221.73
"2015-02-09 10:30:00",221.76
"2015-02-09 10:31:00",221.81
"2015-02-09 10:32:00",221.87
"2015-02-09 10:33:00",221.88
"2015-02-09 10:34:00",221.93
"2015-02-09 10:35:00",221.97
"2015-02-09 10:36:00",222
"2015-02-09 10:37:00",222.02
"2015-02-09 10:38:00",222.01
"2015-02-09 10:39:00",222.06
"2015-02-09 10:40:00",221.93
"2015-02-09 10:41:00",221.89
"2015-02-09 10:42:00",221.71
"2015-02-09 10:43:00",221.58
"2015-02-09 10:44:00",221.51
"2015-02-09 10:45:00",221.72
"2015-02-09 10:46:00",221.74
"2015-02-09 10:47:00",221.73
"2015-02-09 10:48:00",221.7
"2015-02-09 10:49:00",221.69
"2015-02-09 10:50:00",221.63
"2015-02-09 10:51:00",221.67
"2015-02-09 10:52:00",221.52
"2015-02-09 10:53:00",221.56
"2015-02-09 10:54:00",221.64
"2015-02-09 10:55:00",221.59
"2015-02-09 10:56:00",221.62
"2015-02-09 10:57:00",221.63
"2015-02-09 10:58:00",221.73
"2015-02-09 10:59:00",221.59
"2015-02-09 11:00:00",221.62
"2015-02-09 11:01:00",221.55
"2015-02-09 11:02:00",221.54
"2015-02-09 11:03:00",221.66
"2015-02-09 11:04:00",221.51
"2015-02-09 11:05:00",221.53
"2015-02-09 11:06:00",221.28
"2015-02-09 11:07:00",221.22
"2015-02-09 11:08:00",221.1
"2015-02-09 11:09:00",221.03
"2015-02-09 11:10:00",221.09
"2015-02-09 11:11:00",221.15
"2015-02-09 11:12:00",221.07
"2015-02-09 11:13:00",221.06
"2015-02-09 11:14:00",221.08
"2015-02-09 11:15:00",221.09
"2015-02-09 11:16:00",221.09
"2015-02-09 11:17:00",221.02
"2015-02-09 11:18:00",221.06
"2015-02-09 11:19:00",221.09
"2015-02-09 11:20:00",221.02
"2015-02-09 11:21:00",221.02
"2015-02-09 11:22:00",221.04
"2015-02-09 11:23:00",220.92
"2015-02-09 11:24:00",220.82
"2015-02-09 11:25:00",220.81
"2015-02-09 11:26:00",220.92
"2015-02-09 11:27:00",221.06
"2015-02-09 11:28:00",221.07
"2015-02-09 11:29:00",221.2
"2015-02-09 11:30:00",221.29
"2015-02-09 11:31:00",221.24
"2015-02-09 11:32:00",221.24
"2015-02-09 11:33:00",221.19
"2015-02-09 11:34:00",221.24
"2015-02-09 11:35:00",221.22
"2015-02-09 11:36:00",221.19
"2015-02-09 11:37:00",221.22
"2015-02-09 11:38:00",221.15
"2015-02-09 11:39:00",220.95
"2015-02-09 11:40:00",220.84
"2015-02-09 11:41:00",220.72
"2015-02-09 11:42:00",220.64
"2015-02-09 11:43:00",220.53
"2015-02-09 11:44:00",220.52
"2015-02-09 11:45:00",220.39
"2015-02-09 11:46:00",220.44
"2015-02-09 11:47:00",220.54
"2015-02-09 11:48:00",220.58
"2015-02-09 11:49:00",220.52
"2015-02-09 11:50:00",220.5
"2015-02-09 11:51:00",220.47
"2015-02-09 11:52:00",220.38
"2015-02-09 11:53:00",220.38
"2015-02-09 11:54:00",220.56
"2015-02-09 11:55:00",220.66
"2015-02-09 11:56:00",220.56
"2015-02-09 11:57:00",220.56
"2015-02-09 11:58:00",220.64
"2015-02-09 11:59:00",220.71
"2015-02-09 12:00:00",220.71
"2015-02-09 12:01:00",220.74
"2015-02-09 12:02:00",220.56
"2015-02-09 12:03:00",220.29
"2015-02-09 12:04:00",220.14
"2015-02-09 12:05:00",219.79
"2015-02-09 12:06:00",218.82
"2015-02-09 12:07:00",217.51
"2015-02-09 12:08:00",217.12
"2015-02-09 12:09:00",217.09
"2015-02-09 12:10:00",217.31
"2015-02-09 12:11:00",217.35
"2015-02-09 12:12:00",217.31
"2015-02-09 12:13:00",217.31
"2015-02-09 12:14:00",217.22
"2015-02-09 12:15:00",217.49
"2015-02-09 12:16:00",217.5
"2015-02-09 12:17:00",218.27
"2015-02-09 12:18:00",218.44
"2015-02-09 12:19:00",218.64
"2015-02-09 12:20:00",218.82
"2015-02-09 12:21:00",218.69
"2015-02-09 12:22:00",218.57
"2015-02-09 12:23:00",218.43
"2015-02-09 12:24:00",218.49
"2015-02-09 12:25:00",218.26
"2015-02-09 12:26:00",218.25
"2015-02-09 12:27:00",218.1
"2015-02-09 12:28:00",217.79
"2015-02-09 12:29:00",217.75
"2015-02-09 12:30:00",217.69
"2015-02-09 12:31:00",217.75
"2015-02-09 12:32:00",217.83
"2015-02-09 12:33:00",217.81
"2015-02-09 12:34:00",217.92
"2015-02-09 12:35:00",217.99
"2015-02-09 12:36:00",218.29
"2015-02-09 12:37:00",218.48
"2015-02-09 12:38:00",218.79
"2015-02-09 12:39:00",218.72
"2015-02-09 12:40:00",218.82
"2015-02-09 12:41:00",218.91
"2015-02-09 12:42:00",218.73
"2015-02-09 12:43:00",218.81
"2015-02-09 12:44:00",218.9
"2015-02-09 12:45:00",219.07
"2015-02-09 12:46:00",219.12
"2015-02-09 12:47:00",219.12
"2015-02-09 12:48:00",219.01
"2015-02-09 12:49:00",218.97
"2015-02-09 12:50:00",218.95
"2015-02-09 12:51:00",218.95
"2015-02-09 12:52:00",218.86
"2015-02-09 12:53:00",218.78
"2015-02-09 12:54:00",218.4
"2015-02-09 12:55:00",218.32
"2015-02-09 12:56:00",218.37
"2015-02-09 12:57:00",218.43
"2015-02-09 12:58:00",218.47
"2015-02-09 12:59:00",218.44
"2015-02-09 13:00:00",218.42
"2015-02-09 13:01:00",218.47
"2015-02-09 13:02:00",218.58
"2015-02-09 13:03:00",218.45
"2015-02-09 13:04:00",218.62
"2015-02-09 13:05:00",218.62
"2015-02-09 13:06:00",218.69
"2015-02-09 13:07:00",218.78
"2015-02-09 13:08:00",218.94
"2015-02-09 13:09:00",219
"2015-02-09 13:10:00",218.82
"2015-02-09 13:11:00",218.96
"2015-02-09 13:12:00",219.1
"2015-02-09 13:13:00",219.28
"2015-02-09 13:14:00",219.27
"2015-02-09 13:15:00",219.3
"2015-02-09 13:16:00",219.26
"2015-02-09 13:17:00",219.23
"2015-02-09 13:18:00",219.28
"2015-02-09 13:19:00",219.31
"2015-02-09 13:20:00",219.01
"2015-02-09 13:21:00",218.96
"2015-02-09 13:22:00",218.89
"2015-02-09 13:23:00",218.6
"2015-02-09 13:24:00",218.57
"2015-02-09 13:25:00",218.49
"2015-02-09 13:26:00",218.47
"2015-02-09 13:27:00",218.32
"2015-02-09 13:28:00",218.46
"2015-02-09 13:29:00",218.5
"2015-02-09 13:30:00",218.4
"2015-02-09 13:31:00",218.43
"2015-02-09 13:32:00",218.55
"2015-02-09 13:33:00",218.37
"2015-02-09 13:34:00",218.19
"2015-02-09 13:35:00",218.18
"2015-02-09 13:36:00",218.26
"2015-02-09 13:37:00",218.28
"2015-02-09 13:38:00",218.3
"2015-02-09 13:39:00",218.31
"2015-02-09 13:40:00",218.28
"2015-02-09 13:41:00",218.4
"2015-02-09 13:42:00",218.08
"2015-02-09 13:43:00",218.18
"2015-02-09 13:44:00",218.15
"2015-02-09 13:45:00",218.2
"2015-02-09 13:46:00",218.32
"2015-02-09 13:47:00",218.61
"2015-02-09 13:48:00",218.68
"2015-02-09 13:49:00",218.72
"2015-02-09 13:50:00",218.63
"2015-02-09 13:51:00",218.49
"2015-02-09 13:52:00",218.61
"2015-02-09 13:53:00",218.57
"2015-02-09 13:54:00",218.55
"2015-02-09 13:55:00",218.48
"2015-02-09 13:56:00",218.45
"2015-02-09 13:57:00",218.43
"2015-02-09 13:58:00",218.5
"2015-02-09 13:59:00",218.44
"2015-02-09 14:00:00",218.46
"2015-02-09 14:01:00",218.38
"2015-02-09 14:02:00",218.18
"2015-02-09 14:03:00",217.88
"2015-02-09 14:04:00",217.38
"2015-02-09 14:05:00",217.31
"2015-02-09 14:06:00",217.16
"2015-02-09 14:07:00",217.39
"2015-02-09 14:08:00",217.51
"2015-02-09 14:09:00",217.62
"2015-02-09 14:10:00",217.97
"2015-02-09 14:11:00",217.75
"2015-02-09 14:12:00",217.66
"2015-02-09 14:13:00",217.77
"2015-02-09 14:14:00",217.72
"2015-02-09 14:15:00",218.2
"2015-02-09 14:16:00",218.22
"2015-02-09 14:17:00",218.24
"2015-02-09 14:18:00",218.14
"2015-02-09 14:19:00",218.25
"2015-02-09 14:20:00",218.33
"2015-02-09 14:21:00",218.33
"2015-02-09 14:22:00",218.35
"2015-02-09 14:23:00",218.36
"2015-02-09 14:24:00",218.37
"2015-02-09 14:25:00",218.48
"2015-02-09 14:26:00",218.31
"2015-02-09 14:27:00",218.45
"2015-02-09 14:28:00",218.14
"2015-02-09 14:29:00",217.76
"2015-02-09 14:30:00",217.73
"2015-02-09 14:31:00",218.14
"2015-02-09 14:32:00",218.11
"2015-02-09 14:33:00",218.01
"2015-02-09 14:34:00",218.2
"2015-02-09 14:35:00",218.15
"2015-02-09 14:36:00",218.08
"2015-02-09 14:37:00",218.18
"2015-02-09 14:38:00",218.11
"2015-02-09 14:39:00",218.12
"2015-02-09 14:40:00",218.14
"2015-02-09 14:41:00",218.11
"2015-02-09 14:42:00",218.1
"2015-02-09 14:43:00",218.12
"2015-02-09 14:44:00",218.17
"2015-02-09 14:45:00",218.21
"2015-02-09 14:46:00",218.28
"2015-02-09 14:47:00",218.32
"2015-02-09 14:48:00",218.34
"2015-02-09 14:49:00",218.41
"2015-02-09 14:50:00",218.54
"2015-02-09 14:51:00",218.43
"2015-02-09 14:52:00",218.44
"2015-02-09 14:53:00",218.53
"2015-02-09 14:54:00",218.72
"2015-02-09 14:55:00",218.68
"2015-02-09 14:56:00",218.69
"2015-02-09 14:57:00",218.78
"2015-02-09 14:58:00",218.59
"2015-02-09 14:59:00",218.71
"2015-02-09 15:00:00",218.86
"2015-02-09 15:01:00",218.8
"2015-02-09 15:02:00",218.85
"2015-02-09 15:03:00",218.74
"2015-02-09 15:04:00",218.86
"2015-02-09 15:05:00",218.7
"2015-02-09 15:06:00",218.42
"2015-02-09 15:07:00",218.6
"2015-02-09 15:08:00",218.52
"2015-02-09 15:09:00",218.11
"2015-02-09 15:10:00",218.13
"2015-02-09 15:11:00",218.22
"2015-02-09 15:12:00",218.16
"2015-02-09 15:13:00",218.13
"2015-02-09 15:14:00",218.33
"2015-02-09 15:15:00",218.47
"2015-02-09 15:16:00",218.35
"2015-02-09 15:17:00",218.49
"2015-02-09 15:18:00",218.47
"2015-02-09 15:19:00",218.58
"2015-02-09 15:20:00",218.62
"2015-02-09 15:21:00",218.57
"2015-02-09 15:22:00",218.57
"2015-02-09 15:23:00",218.31
"2015-02-09 15:24:00",218.4
"2015-02-09 15:25:00",218.3
"2015-02-09 15:26:00",218.32
"2015-02-09 15:27:00",218.27
"2015-02-09 15:28:00",218.23
"2015-02-09 15:29:00",218.39
"2015-02-09 15:30:00",218.2
"2015-02-09 15:31:00",218.18
"2015-02-09 15:32:00",218.24
"2015-02-09 15:33:00",218.29
"2015-02-09 15:34:00",218.37
"2015-02-09 15:35:00",218.31
"2015-02-09 15:36:00",218.26
"2015-02-09 15:37:00",218.26
"2015-02-09 15:38:00",218.2
"2015-02-09 15:39:00",218.3
"2015-02-09 15:40:00",218.2
"2015-02-09 15:41:00",218.23
"2015-02-09 15:42:00",218.27
"2015-02-09 15:43:00",218.22
"2015-02-09 15:44:00",218.2
"2015-02-09 15:45:00",218.27
"2015-02-09 15:46:00",218.38
"2015-02-09 15:47:00",218.42
"2015-02-09 15:48:00",218.41
"2015-02-09 15:49:00",218.43
"2015-02-09 15:50:00",218.49
"2015-02-09 15:51:00",218.64
"2015-02-09 15:52:00",218.7
"2015-02-09 15:53:00",218.73
"2015-02-09 15:54:00",218.72
"2015-02-09 15:55:00",218.7
"2015-02-09 15:56:00",218.74
"2015-02-09 15:57:00",218.83
"2015-02-09 15:58:00",218.83
"2015-02-09 15:59:00",218.78
"2015-02-09 16:00:00",218.8
"2015-02-09 16:01:00",218.76
"2015-02-09 16:02:00",218.84
"2015-02-09 16:03:00",219.22
"2015-02-09 16:04:00",219.61
"2015-02-09 16:05:00",219.68
"2015-02-09 16:06:00",219.82
"2015-02-09 16:07:00",219.14
"2015-02-09 16:08:00",219.16
"2015-02-09 16:09:00",219.32
"2015-02-09 16:10:00",219.34
"2015-02-09 16:11:00",219.25
"2015-02-09 16:12:00",219.24
"2015-02-09 16:13:00",219.17
"2015-02-09 16:14:00",219.18
"2015-02-09 16:15:00",219.1
"2015-02-09 16:16:00",218.91
"2015-02-09 16:17:00",218.72
"2015-02-09 16:18:00",218.61
"2015-02-09 16:19:00",218.71
"2015-02-09 16:20:00",218.78
"2015-02-09 16:21:00",218.72
"2015-02-09 16:22:00",218.63
"2015-02-09 16:23:00",218.83
"2015-02-09 16:24:00",218.82
"2015-02-09 16:25:00",218.86
"2015-02-09 16:26:00",218.9
"2015-02-09 16:27:00",218.92
"2015-02-09 16:28:00",218.96
"2015-02-09 16:29:00",218.9
"2015-02-09 16:30:00",218.89
"2015-02-09 16:31:00",218.77
"2015-02-09 16:32:00",218.75
"2015-02-09 16:33:00",218.6
"2015-02-09 16:34:00",218.49
"2015-02-09 16:35:00",218.48
"2015-02-09 16:36:00",218.73
"2015-02-09 16:37:00",218.84
"2015-02-09 16:38:00",218.96
"2015-02-09 16:39:00",219.08
"2015-02-09 16:40:00",219.16
"2015-02-09 16:41:00",218.91
"2015-02-09 16:42:00",219.09
"2015-02-09 16:43:00",219.1
"2015-02-09 16:44:00",219.35
"2015-02-09 16:45:00",219.22
"2015-02-09 16:46:00",219.24
"2015-02-09 16:47:00",219.32
"2015-02-09 16:48:00",219.31
"2015-02-09 16:49:00",219.46
"2015-02-09 16:50:00",219.37
"2015-02-09 16:51:00",219.37
"2015-02-09 16:52:00",219.35
"2015-02-09 16:53:00",219.35
"2015-02-09 16:54:00",219.38
"2015-02-09 16:55:00",219.34
"2015-02-09 16:56:00",219.4
"2015-02-09 16:57:00",219.39
"2015-02-09 16:58:00",219.36
"2015-02-09 16:59:00",219.37
"2015-02-09 17:00:00",219.55
"2015-02-09 17:01:00",219.63
"2015-02-09 17:02:00",219.55
"2015-02-09 17:03:00",219.53
"2015-02-09 17:04:00",219.55
"2015-02-09 17:05:00",219.56
"2015-02-09 17:06:00",219.71
"2015-02-09 17:07:00",219.79
"2015-02-09 17:08:00",219.76
"2015-02-09 17:09:00",219.8
"2015-02-09 17:10:00",219.72
"2015-02-09 17:11:00",219.68
"2015-02-09 17:12:00",219.59
"2015-02-09 17:13:00",219.56
"2015-02-09 17:14:00",219.56

"This data was produced from the CoinDesk Bitcoin Price Index. BPI value data is listed in USD."
http://www.coindesk.com/price/
